"VMName","ResourceId","DiskInstance","ReadIOPS_Avg","ReadIOPS_Peak","ReadThroughput_KBps_Avg","ReadThroughput_KBps_Peak","WriteThroughput_KBps_Avg","WriteThroughput_KBps_Peak","WriteLatency_ms_Avg","WriteLatency_ms_Peak","ReadLatency_ms_Avg","ReadLatency_ms_Peak","TotalIOPS_Avg","TotalIOPS_Peak","TotalLatency_ms_Avg","TotalLatency_ms_Peak","WriteIOPS_Avg","WriteIOPS_Peak"
"broadcom-jumphost","673ffff6-b5ff-473f-a818-fbcfa2e87a62","Aggregate of all instances","0.01","30.27",,,,,"0.48","62.2","0","9.07","0.27","175.53",,,"0.26","145.27"
"broadcom-jumphost","673ffff6-b5ff-473f-a818-fbcfa2e87a62","scsi0:0","0.01","30.27","0.1","397.47","6.75","4250.93","0.49","62.2","0.01","9.07",,,,,"0.26","145.27"
"depot","1dbdad8a-14a4-483e-97f9-2e7c0a009d7e","Aggregate of all instances","0","7.67",,,,,"0.03","6.4","0","0.2","0.06","100.07",,,"0.06","92.4"
"depot","7669e4c3-b233-4320-884e-a3e818a5e419","Aggregate of all instances","0.13","59.47",,,,,"0.47","67.2","0.02","13.4","0.4","66.27",,,"0.27","32.67"
"depot","7669e4c3-b233-4320-884e-a3e818a5e419","scsi0:0","0.13","59.47","83.62","90266.8","484.81","120384.73","0.49","67.2","0.03","13.4",,,,,"0.27","32.67"
"depot","1dbdad8a-14a4-483e-97f9-2e7c0a009d7e","scsi0:0","0","7.67","0.12","495.13","6.17","4621.87","0.04","6.4","0","0.29",,,,,"0.06","92.4"
"fleet","22fbcc6b-b9d4-41c4-876b-5f13d1a0e9cf","Aggregate of all instances","0.19","202.21",,,,,"0.18","1.99","0","0.07","22.48","283.29",,,"22.3","81.07"
"fleet","22fbcc6b-b9d4-41c4-876b-5f13d1a0e9cf","scsi0:0","0.09","87.93","2.69","2576.14","32.59","282.6","0.37","3.13","0","0.07",,,,,"3.54","20.2"
"fleet","22fbcc6b-b9d4-41c4-876b-5f13d1a0e9cf","scsi0:1","0.07","82.5","5.59","6441.93","94.05","483.14","0.14","2.07","0","0.09",,,,,"18.46","63.36"
"fleet","22fbcc6b-b9d4-41c4-876b-5f13d1a0e9cf","scsi0:2","0.02","19.57","0.99","1064.86","6.93","157.73","0.26","2.47","0","0.6",,,,,"0.3","7.87"
"fleet","22fbcc6b-b9d4-41c4-876b-5f13d1a0e9cf","scsi0:3","0.01","12.21","0.09","91.43","0.06","28.87","0","0.6","0","0.07",,,,,"0","0.07"
"hkmg-dns-127.X","124470de-91d2-47c0-b241-b14c0ebed279","Aggregate of all instances","0.01","10.27",,,,,"1.44","10.07",,,"0.18","10.4",,,"0.17","0.67"
"hkmg-dns-127.X","124470de-91d2-47c0-b241-b14c0ebed279","scsi0:0","0.01","10.27","0.06","92.27","3.85","17.53","1.44","10.07",,,,,,,"0.17","0.67"
"hkmg-dns-ntp-128.x","341e8d03-549c-4da7-92e4-daa420f16519","Aggregate of all instances","0.1","58.6",,,,,"0.06","9.27","0","0.53","0.16","100.13",,,"0.06","41.53"
"hkmg-dns-ntp-128.x","341e8d03-549c-4da7-92e4-daa420f16519","scsi0:0","0.1","58.6","3.04","2261.73","10.2","5866.93","0.4","34.07","0","0.8",,,,,"0.06","41.53"
"hkmg-nfs","03ab170e-a7ba-48d9-84c6-f909440c2ec6","Aggregate of all instances","6.26","341.93",,,,,"0.09","4.46","0.5","84.47","150.95","2627.87",,,"144.69","2627.87"
"hkmg-nfs","03ab170e-a7ba-48d9-84c6-f909440c2ec6","scsi0:0","0.19","73.6","10.56","3032.2","16","11619.2","0.13","7.27","0.01","0.73",,,,,"0.16","127.93"
"hkmg-nfs","03ab170e-a7ba-48d9-84c6-f909440c2ec6","scsi0:1","6.07","341.93","2047.57","219286.2","4384.03","229496","0.09","4.13","0.52","84.47",,,,,"144.53","2627.87"
"hkmg-nfs-esx02-128.x_noDNS","2b72d8ee-1e82-4b6a-96c7-2354fddfb493","Aggregate of all instances","7.99","44.4",,,,,"0.74","3.99","0.09","3.38","15.15","432.33",,,"7.16","424.93"
"hkmg-nfs-esx02-128.x_noDNS","2b72d8ee-1e82-4b6a-96c7-2354fddfb493","scsi0:0","7.93","41.3","60.44","1904.2","17.89","139.7","0.69","3.23","0.09","3.38",,,,,"3.33","9"
"hkmg-nfs-esx02-128.x_noDNS","2b72d8ee-1e82-4b6a-96c7-2354fddfb493","scsi0:1","0.06","5.4","2.83","213.9","407.32","45820.33","0.09","4.53","0.06","2.93",,,,,"3.81","421.8"
"hkmg-nfs-esx03-128.x_noDNS","9ca4e8f4-fb53-4033-81aa-5a9cb9da8120","Aggregate of all instances","1.13","21.67",,,,,"0.63","1.33","0.16","1.2","2.42","28.89",,,"1.28","7.22"
"hkmg-nfs-esx03-128.x_noDNS","9ca4e8f4-fb53-4033-81aa-5a9cb9da8120","scsi0:0","1.1","17.78","18.42","484.56","7.76","138.44","0.63","1.33","0.16","1.2",,,,,"1.28","7"
"hkmg-nfs-esx03-128.x_noDNS","9ca4e8f4-fb53-4033-81aa-5a9cb9da8120","scsi0:1","0.04","3.89","1.63","248","0.26","36.33","0","0.14","0","0.07",,,,,"0.01","1.07"
"hkmg-nfs-esx04-128.x_noDNS","4aeca587-012a-4d3d-a3e2-6517de978f90","Aggregate of all instances","6.02","28",,,,,"0.93","1.73","0.1","11.6","9.43","37.67",,,"3.41","9.67"
"hkmg-nfs-esx04-128.x_noDNS","4aeca587-012a-4d3d-a3e2-6517de978f90","scsi0:0","5.94","23.56","40.73","505.67","16.25","149","0.93","1.73","0.1","11.6",,,,,"3.39","9.44"
"hkmg-nfs-esx04-128.x_noDNS","4aeca587-012a-4d3d-a3e2-6517de978f90","scsi0:1","0.07","8.8","1.59","216.78","0.31","35.22","0","0.14","0","0.14",,,,,"0.02","3.07"
"hkmg-test1-nfs-esx01-128.x","45ce3fbc-e3e7-4fa9-b9af-2d331435dd27","Aggregate of all instances","7.88","80.93",,,,,"0.06","4.38","0.19","67.03","13.1","704.27",,,"5.22","693.8"
"hkmg-test1-nfs-esx01-128.x","45ce3fbc-e3e7-4fa9-b9af-2d331435dd27","scsi0:0","6.29","60.93","130.05","2476.43","55.15","4684.57","0.05","4.47","0.22","79.53",,,,,"3.06","43.43"
"hkmg-test1-nfs-esx01-128.x","45ce3fbc-e3e7-4fa9-b9af-2d331435dd27","scsi0:1","1.67","20.2","57.87","1776.33","277.29","73191.2","0.1","1.13","0.03","3.6",,,,,"2.29","690"
"hkmg-test1-nfs-esx02-128.x","144e2796-2b33-4540-981d-170ae3c55033","Aggregate of all instances","7.91","54.29",,,,,"0.36","3.73","0.05","3.31","10.97","91.86",,,"3.06","37.57"
"hkmg-test1-nfs-esx02-128.x","144e2796-2b33-4540-981d-170ae3c55033","scsi0:0","6.33","42.29","127.42","1824.86","57.49","4473.71","0.36","3.73","0.06","3.8",,,,,"3.05","36.43"
"hkmg-test1-nfs-esx02-128.x","144e2796-2b33-4540-981d-170ae3c55033","scsi0:1","1.66","12","54.82","1162.21","34.98","190.07","0.3","3","0.03","5.33",,,,,"0.01","2.23"
"hkmg-test1-nfs-esx03-128.x","4fe3472b-0bf1-4b49-b985-65da46c991e8","Aggregate of all instances","5.64","51.13",,,,,"0.43","9.57","0.15","39","8.88","442.4",,,"3.24","438.6"
"hkmg-test1-nfs-esx03-128.x","4fe3472b-0bf1-4b49-b985-65da46c991e8","scsi0:0","4.09","50.73","116.57","2379.87","53.78","4052.73","0.43","10","0.22","63.33",,,,,"2.33","34.4"
"hkmg-test1-nfs-esx03-128.x","4fe3472b-0bf1-4b49-b985-65da46c991e8","scsi0:1","1.64","5.2","53.13","265","142.28","48325.8","0.11","1.2","0.03","6.13",,,,,"0.96","436.87"
"hkmg-test1-nfs-esx04-128.x","9d58df44-4b3e-4213-a475-6e66a9a153b3","Aggregate of all instances","10.43","1024.27",,,,,"0.43","7.27","0.2","61.77","15.55","1310.07",,,"5.12","1300.87"
"hkmg-test1-nfs-esx04-128.x","9d58df44-4b3e-4213-a475-6e66a9a153b3","scsi0:0","5.59","25","121.91","1429.87","50.39","1700.8","0.42","7.27","0.24","75.93",,,,,"2.89","14.27"
"hkmg-test1-nfs-esx04-128.x","9d58df44-4b3e-4213-a475-6e66a9a153b3","scsi0:1","5.12","1012.67","186.87","49373.13","268.88","135787.86","0.34","1.47","0.03","3.4",,,,,"2.36","1297"
"hkmg-test3-vvf-dns","28b0bb9d-4ee1-446a-ab4e-06cf2f8b1447","Aggregate of all instances","0.13","46.4",,,,,"0.15","22.47","0","1.4","0.26","92.6",,,"0.13","46.2"
"hkmg-test3-vvf-dns","28b0bb9d-4ee1-446a-ab4e-06cf2f8b1447","scsi0:0","0.13","46.4","4.77","1815.2","53.03","18777.6","0.87","22.47","0","1.4",,,,,"0.13","46.2"
"hkmg-test3-vvf-test-esx01_nodns","759cede3-2875-4e6a-8ef7-c0ff5c73e6cb","Aggregate of all instances","19.49","3256.33",,,,,"0.77","8.65","0.16","13.15","27.05","3279.27",,,"7.56","750.47"
"hkmg-test3-vvf-test-esx01_nodns","759cede3-2875-4e6a-8ef7-c0ff5c73e6cb","scsi0:0","5.11","24","91.62","1778.4","50.5","4046.93","0.56","5.07","0.16","16.53",,,,,"1.89","33.2"
"hkmg-test3-vvf-test-esx01_nodns","759cede3-2875-4e6a-8ef7-c0ff5c73e6cb","scsi0:1","14.36","3250.73","372.07","205880.47","619.1","149920.27","0.62","8.67","0.08","3.4",,,,,"5.67","748.87"
"hkmg-vc01-esx02","1541f4ed-bbbb-40ee-be4d-19b401d8deb8","Aggregate of all instances","15.58","2102.87",,,,,"0.77","15.8","0.59","71.13","77.45","3199.07",,,"61.87","2642.27"
"hkmg-vc01-esx02","1541f4ed-bbbb-40ee-be4d-19b401d8deb8","Hard disk 3",,,,,,,,,,,,,,,,
"hkmg-vc01-esx02","1541f4ed-bbbb-40ee-be4d-19b401d8deb8","nvme0:0","19.63","783.4","2242.5","204344.59","3490.44","133532.67","0.35","5","1.04","19",,,,,"189.43","2637.8"
"hkmg-vc01-esx02","1541f4ed-bbbb-40ee-be4d-19b401d8deb8","scsi0:0","2.73","91.33","58.73","7966","25.79","3840.33","0.85","15.8","0.53","71.13",,,,,"1.85","31.6"
"hkmg-vc01-esx02","1541f4ed-bbbb-40ee-be4d-19b401d8deb8","scsi0:1","7.5","2096.87","620.36","137756.86","891.23","101192.87","0.16","7.07","0.08","26.07",,,,,"8.39","1657"
"hkmg-vc01-esx02","1541f4ed-bbbb-40ee-be4d-19b401d8deb8","scsi0:2",,,,,,,,,,,,,,,,
"hkmg-vc01-esx03","367657e5-258d-4ea6-8548-ea589e443c97","Aggregate of all instances","53.63","1051.53",,,,,"2.43","339.21","1.34","18.06","338.92","3179.57",,,"285.28","2284.79"
"hkmg-vc01-esx03","367657e5-258d-4ea6-8548-ea589e443c97","Hard disk 2",,,,,,,,,,,,,,,,
"hkmg-vc01-esx03","367657e5-258d-4ea6-8548-ea589e443c97","nvme0:0","44.34","1045.2","3929.29","195515.86","4591.51","66249.34","2.53","347.27","2.38","20.87",,,,,"275.75","2281.07"
"hkmg-vc01-esx03","367657e5-258d-4ea6-8548-ea589e443c97","scsi0:0","9.55","381.07","356.48","23987.6","245.67","35088","1.15","282.2","0.25","31.47",,,,,"7.36","641.2"
"hkmg-vc01-esx03","367657e5-258d-4ea6-8548-ea589e443c97","scsi0:1",,,,,,,,,,,,,,,,
"HKMG-VCF-DEPOT","1d7b7a70-4217-42bd-ad00-cd54db55d907","Aggregate of all instances","3.43","50.8",,,,,"0.18","1.57","0.01","0.13","10.81","110.13",,,"7.39","94"
"HKMG-VCF-Depot","8761aa6f-8e5b-4a32-a66a-290c208198a6","Aggregate of all instances","0.45","30.14",,,,,"0.18","22.93","0.01","0.87","0.9","77.4",,,"0.45","49.4"
"HKMG-VCF-DEPOT","7c1bf882-cc18-4f05-84e3-9b24bb8d579c","Aggregate of all instances","38.55","88.07",,,,,"0.29","0.6","0.02","0.06","122.92","247.53",,,"84.37","159.47"
"HKMG-VCF-DEPOT","7c1bf882-cc18-4f05-84e3-9b24bb8d579c","scsi0:0","36.92","85.2","1077.96","2631.73","6579.8","15186.47","0.29","0.6","0.02","0.07",,,,,"84.04","158.47"
"HKMG-VCF-Depot","8761aa6f-8e5b-4a32-a66a-290c208198a6","scsi0:0","0.44","29.79","13.95","1118.47","229.53","39989.54","0.22","22.93","0.01","0.87",,,,,"0.44","49.4"
"HKMG-VCF-DEPOT","1d7b7a70-4217-42bd-ad00-cd54db55d907","scsi0:0","3.29","47.93","190.07","2852.8","1278.86","17226.87","0.19","1.58","0.01","0.13",,,,,"7.36","94"
"HKMG-VCF-Depot","8761aa6f-8e5b-4a32-a66a-290c208198a6","scsi0:1","0.01","2.2","0.25","48.6","0.2","53.4","0.01","0.4","0","0.29",,,,,"0.01","1.87"
"HKMG-VCF-DEPOT","1d7b7a70-4217-42bd-ad00-cd54db55d907","scsi0:1","0.14","2.87","2.03","46.2","1.44","47.27","0","0.17","0.01","0.33",,,,,"0.03","0.93"
"HKMG-VCF-DEPOT","7c1bf882-cc18-4f05-84e3-9b24bb8d579c","scsi0:1","1.62","2.87","31.66","50.29","16.76","50.2","0.04","0.13",,,,,,,"0.33","1"
"hkmg-vcf-installer","08092222-0342-4a22-b5cc-60634a4b331e","Aggregate of all instances","7.99","420.33",,,,,"1.34","66.3","0.59","24.32","10.61","435.2",,,"2.62","27.4"
"hkmg-vcf-installer","08092222-0342-4a22-b5cc-60634a4b331e","scsi0:0","0.09","7.13","3.08","205","8.91","44.87","1.25","40.67","0.22","17.13",,,,,"0.78","5.2"
"hkmg-vcf-installer","08092222-0342-4a22-b5cc-60634a4b331e","scsi0:1","2.49","42.53","32.16","811.8","41.85","1958.13","1.73","113.93","1","30.87",,,,,"0.6","24.53"
"hkmg-vcf-installer","08092222-0342-4a22-b5cc-60634a4b331e","scsi0:2","0.21","31.07","5.96","569.93","37.64","624.47","0.79","24.67","0.04","3.27",,,,,"1.24","3.93"
"hkmg-vcf-installer","08092222-0342-4a22-b5cc-60634a4b331e","scsi0:3","5.19","408.13","383.69","30513.73","0.2","62.87","0","0.4","0.09","14.8",,,,,"0","0.13"
"hkmg-vcf-installer","08092222-0342-4a22-b5cc-60634a4b331e","scsi0:4",,,,,,,,,,,,,,,,
"hkmg-vcf-installer","08092222-0342-4a22-b5cc-60634a4b331e","scsi0:5",,,,,,,,,,,,,,,,
"hkmg-vcf-test-vsan-esx02-127.X","90e396f9-fe94-4e04-8596-c57f64e39c17","Aggregate of all instances","50.68","512.2",,,,,"1.02","4.66","0.33","19.58","506.23","4698.47",,,"455.55","4651.87"
"hkmg-vcf-test-vsan-esx02-127.X","90e396f9-fe94-4e04-8596-c57f64e39c17","Hard disk 2",,,,,,,,,,,,,,,,
"hkmg-vcf-test-vsan-esx02-127.X","90e396f9-fe94-4e04-8596-c57f64e39c17","nvme0:0","43.94","504.6","1063.17","19735.8","3689.53","101628.34","1.02","4.73","0.35","22.73",,,,,"450.64","4645.2"
"hkmg-vcf-test-vsan-esx02-127.X","90e396f9-fe94-4e04-8596-c57f64e39c17","scsi0:0","6.74","51","231.53","2282.27","91.83","4393.73","0.56","10.2","0.17","59.07",,,,,"4.91","36.67"
"hkmg-vcf-test-vsan-esx03-127.X","6f205737-0a39-4875-9a74-0932e51d4a78","Aggregate of all instances","49.78","1035.67",,,,,"0.25","19.96","0.35","16.65","870.28","5976.87",,,"820.5","4941.2"
"hkmg-vcf-test-vsan-esx03-127.X","6f205737-0a39-4875-9a74-0932e51d4a78","Hard disk 2",,,,,,,,,,,,,,,,
"hkmg-vcf-test-vsan-esx03-127.X","6f205737-0a39-4875-9a74-0932e51d4a78","nvme0:0","42.82","1027.73","1126.96","38808.67","5465.72","113282.07","0.25","20.43","0.34","17.8",,,,,"815.23","4933.87"
"hkmg-vcf-test-vsan-esx03-127.X","6f205737-0a39-4875-9a74-0932e51d4a78","scsi0:0","6.97","36.33","230.51","1716.79","97.54","4217.6","0.74","10.23","0.36","11.27",,,,,"5.27","33.67"
"hkmg-vcf-test-vsan-esx04-127.X","3f3890d2-1b87-4653-a276-d2a99a37670e","Aggregate of all instances","51.9","1066.4",,,,,"0.63","11.31","0.41","18.93","797.98","6529.93",,,"746.08","5463.53"
"hkmg-vcf-test-vsan-esx04-127.X","3f3890d2-1b87-4653-a276-d2a99a37670e","Hard disk 2",,,,,,,,,,,,,,,,
"hkmg-vcf-test-vsan-esx04-127.X","3f3890d2-1b87-4653-a276-d2a99a37670e","nvme0:0","45.54","1058.13","1036.63","39273.4","5103.8","124672.2","0.63","11.4","0.47","21.6",,,,,"741.58","5456.27"
"hkmg-vcf-test-vsan-esx04-127.X","3f3890d2-1b87-4653-a276-d2a99a37670e","scsi0:0","6.36","56.07","226.61","2522.57","85.46","4217.64","0.19","4","0.14","7.8",,,,,"4.5","41.29"
"hkmg-vvf-test-esx02_noDNS","3682b082-b845-4839-b201-3ed0dd07e82d","Aggregate of all instances","19.24","113.07",,,,,"1.47","8.37","0.96","7.54","62.93","421.2",,,"43.68","308.13"
"hkmg-vvf-test-esx02_noDNS","3682b082-b845-4839-b201-3ed0dd07e82d","scsi0:0","5.86","28.29","281.99","1450.86","402.76","4153.79","0.76","1.27","0.22","1.18",,,,,"5.18","34.93"
"hkmg-vvf-test-esx02_noDNS","3682b082-b845-4839-b201-3ed0dd07e82d","scsi0:1","13.38","112.2","1025.87","10024.93","10660.59","86014.4","1.3","8.4","0.79","7.6",,,,,"38.51","306.87"
"hkmg-vvf-test-nfs-esx01-128.X","847f7de7-2d7d-4fc9-b8f3-128c1c2a0c48","Aggregate of all instances","32.72","1475.8",,,,,"0.64","3.32","0.03","1.36","43.67","1514.93",,,"10.95","599.67"
"hkmg-vvf-test-nfs-esx01-128.X","847f7de7-2d7d-4fc9-b8f3-128c1c2a0c48","scsi0:0","4.68","87.4","124.06","4096.33","94.04","4432.62","0.69","1.67","0.04","2.07",,,,,"2.49","54.2"
"hkmg-vvf-test-nfs-esx01-128.X","847f7de7-2d7d-4fc9-b8f3-128c1c2a0c48","scsi0:1","28.04","1468.87","798.16","85483.87","1051.03","113246.2","0.04","3.33","0.02","1.13",,,,,"8.46","598.13"
"hkmg-vvf-test-nfs-esx02-128.X","11ea8c06-ac21-4568-bb68-c3cf4234fb32","Aggregate of all instances","5.45","86.07",,,,,"0.76","2.8","0.06","1.73","7.94","128.73",,,"2.48","42.67"
"hkmg-vvf-test-nfs-esx02-128.X","11ea8c06-ac21-4568-bb68-c3cf4234fb32","scsi0:0","5.45","86","147.72","3769.93","91.92","4053.47","0.76","2.8","0.06","1.73",,,,,"2.48","42.67"
"hkmg-vvf-test-nfs-esx02-128.X","11ea8c06-ac21-4568-bb68-c3cf4234fb32","scsi0:1","0","0.15",,,,,,,,,,,,,,
"HMGDNSNTP","43a6a000-b579-4ce4-a8cb-97af91c0f069","Aggregate of all instances","0.27","246.08",,,,,"0.66","25.6","0.01","3.8","0.86","635.98",,,"0.58","395.77"
"HMGDNSNTP","43a6a000-b579-4ce4-a8cb-97af91c0f069","scsi0:0","0.27","246.08","8.01","9920.5","19.58","30447.27","0.82","25.6","0.15","17.33",,,,,"0.58","395.77"
"kdw-depot","42359287-f321-4286-822f-062a1c32e3ce","Aggregate of all instances","1.07","1207.73",,,,,"0.1","86.56","0.01","5.8","1.13","1207.73",,,"0.1","103.13"
"kdw-depot","42359287-f321-4286-822f-062a1c32e3ce","Hard disk 1",,,,,,,,,,,,,,,,
"kdw-depot","42359287-f321-4286-822f-062a1c32e3ce","Hard disk 2",,,,,,,,,,,,,,,,
"kdw-depot","42359287-f321-4286-822f-062a1c32e3ce","nvme0:0","0.05","52.4","1.01","1425.8","9.44","5973","0.07","20.53","0","3.4",,,,,"0.06","103.13"
"kdw-depot","42359287-f321-4286-822f-062a1c32e3ce","nvme0:1","1.04","1207.73","132.75","154562.14","31.69","49629.93","0.05","86.67","0","5.8",,,,,"0.04","53.33"
"kdw-depot","42359287-f321-4286-822f-062a1c32e3ce","scsi0:0","0.57","339.47","72.73","43490.93","27.03","17328","0.03","11.87","0","2.13",,,,,"0.03","17.07"
"md-edge01","551e97a2-5557-478e-aefd-1e7d49a7f61b","Aggregate of all instances","3.51","386.83",,,,,"1.23","19","0.04","4.2","58.1","789",,,"55.58","402.17"
"md-edge01","551e97a2-5557-478e-aefd-1e7d49a7f61b","scsi0:0","3.51","386.83","41.67","29054.08","653.64","89094.34","1.23","19","0.05","4.2",,,,,"55.58","402.17"
"md-edge02","4577543f-bfaa-4250-9d8e-f22c94fe666c","Aggregate of all instances","3.08","164.5",,,,,"1.25","18.73","0.04","1.93","58.2","424.25",,,"55.67","259.75"
"md-edge02","4577543f-bfaa-4250-9d8e-f22c94fe666c","scsi0:0","3.08","164.5","33.28","13091.5","654.15","51798.25","1.25","18.73","0.06","1.93",,,,,"55.67","259.75"
"md-nsx02","720822c3-4785-4661-9aac-734465eb07ef","Aggregate of all instances","2.03","534.93",,,,,"0.27","17.49","0.03","5.93","171.1","708.21",,,"170.2","536"
"md-nsx02","720822c3-4785-4661-9aac-734465eb07ef","scsi0:0","1.95","529.29","109.1","50462.6","1388.79","46610.64","0.26","17.6","0.03","5.93",,,,,"152.48","532"
"md-nsx02","720822c3-4785-4661-9aac-734465eb07ef","scsi0:1","0.08","23.6","2.08","990.93","185.3","2237.73","0.43","11.8","0.01","1.27",,,,,"17.72","184.25"
"md-vc01","23c5232e-f3a7-4b45-9033-2a53c42dda14","Aggregate of all instances","18.53","710.53",,,,,"0.55","269.65","0.16","453.71","45","1245.2",,,"26.47","534.67"
"md-vc01","23c5232e-f3a7-4b45-9033-2a53c42dda14","scsi0:0","5.33","423.5","353.44","37327.07","104.78","42512.07","0.37","16.7","0.02","2.27",,,,,"9.78","220.07"
"md-vc01","23c5232e-f3a7-4b45-9033-2a53c42dda14","scsi0:1","0.04","209.73","4.96","26782.87","0","0","0","0","0","0.7",,,,,"0","0"
"md-vc01","23c5232e-f3a7-4b45-9033-2a53c42dda14","scsi0:10","0.07","1","13.02","43.93","0.14","780.93","0","1.47","0.03","0.73",,,,,"0","1.6"
"md-vc01","23c5232e-f3a7-4b45-9033-2a53c42dda14","scsi0:11","0.07","1","13.02","43.93","0.14","781","0","1.33","0.04","0.33",,,,,"0","1.6"
"md-vc01","23c5232e-f3a7-4b45-9033-2a53c42dda14","scsi0:12","0.25","57.07","28.23","6802","6.09","7346.6","0.02","8.29","0.07","0.6",,,,,"0.01","15.4"
"md-vc01","23c5232e-f3a7-4b45-9033-2a53c42dda14","scsi0:13","0.07","7.93","13.02","45.13","7.58","3701.6","0.22","5.33","0.07","0.53",,,,,"0.01","7.67"
"md-vc01","23c5232e-f3a7-4b45-9033-2a53c42dda14","scsi0:14","0.07","1.27","13.02","45","1.86","9482.13","0","2.08","0.07","0.6",,,,,"0","19"
"md-vc01","23c5232e-f3a7-4b45-9033-2a53c42dda14","scsi0:15","0.07","1.33","13.02","38.87","2.71","14688.47","0","3.8","0.07","0.53",,,,,"0.01","30.13"
"md-vc01","23c5232e-f3a7-4b45-9033-2a53c42dda14","scsi0:2","11.64","309.07","96.2","2181.93","54.7","6249.73","0.77","2376.27","0.18","569.13",,,,,"5.21","507.6"
"md-vc01","23c5232e-f3a7-4b45-9033-2a53c42dda14","scsi0:3","0.07","1","13.02","44.07","1.38","3722","0.01","7.33","0.07","2.8",,,,,"0","7.53"
"md-vc01","23c5232e-f3a7-4b45-9033-2a53c42dda14","scsi0:4","0.26","8.93","30.39","729.73","198.63","3758.33","0.8","140.87","0.08","3.13",,,,,"7.08","14.47"
"md-vc01","23c5232e-f3a7-4b45-9033-2a53c42dda14","scsi0:5","0.21","42.13","19.24","1961.27","17.9","2159.6","0.28","14.53","0.07","0.6",,,,,"1.38","179.93"
"md-vc01","23c5232e-f3a7-4b45-9033-2a53c42dda14","scsi0:6","0.07","1.07","13.02","44.13","46.67","2247.33","0.27","11.47","0.07","0.8",,,,,"3.41","51.13"
"md-vc01","23c5232e-f3a7-4b45-9033-2a53c42dda14","scsi0:8","0.43","167.43","38.77","10146.93","12.59","8251.27","0.37","22.67","0.08","0.6",,,,,"0.56","37.47"
"md-vc01","23c5232e-f3a7-4b45-9033-2a53c42dda14","scsi0:9","0.07","1","13.02","43.8","0.02","112.4","0","2.53","0.07","0.73",,,,,"0","0.27"
"nc-esxi01","85567bed-8f33-4f83-b093-3271bb656e77","Aggregate of all instances","103.14","2426.53",,,,,"2.41","81.41","2.04","80.33","1667.52","5724.27",,,"1564.38","4480"
"nc-esxi01","85567bed-8f33-4f83-b093-3271bb656e77","Hard disk 1",,,,,,,,,,,,,,,,
"nc-esxi01","85567bed-8f33-4f83-b093-3271bb656e77","Hard disk 2",,,,,,,,,,,,,,,,
"nc-esxi01","85567bed-8f33-4f83-b093-3271bb656e77","Hard disk 3",,,,,,,,,,,,,,,,
"nc-esxi01","85567bed-8f33-4f83-b093-3271bb656e77","Hard disk 4",,,,,,,,,,,,,,,,
"nc-esxi01","85567bed-8f33-4f83-b093-3271bb656e77","nvme0:0","16.05","357.13","358.05","9181.4","391.88","6059.07","1.71","20.2","0.82","80.33",,,,,"13.19","225.27"
"nc-esxi01","85567bed-8f33-4f83-b093-3271bb656e77","nvme0:1","37.08","1075.53","2015.49","48535.73","4754.37","35404.6","2.48","21.2","2.71","23.93",,,,,"354","1416.47"
"nc-esxi01","85567bed-8f33-4f83-b093-3271bb656e77","nvme0:2","44.37","1332.2","2012.14","32836.75","9560.25","72177.13","2.05","18.33","1.96","24.29",,,,,"1195.72","3371"
"nc-esxi01","85567bed-8f33-4f83-b093-3271bb656e77","nvme0:3","5.65","1060.27","501.51","131966.14","505.28","172831.67","1.61","81.87","0.62","17.2",,,,,"1.47","500.67"
"nc-esxi03","098cf99a-66a8-4aa4-8b78-d62fd78e3787","Aggregate of all instances","70.5","1248.53",,,,,"0.46","22.84","0.69","12.69","1488.35","5009.27",,,"1417.85","4745.73"
"nc-esxi03","098cf99a-66a8-4aa4-8b78-d62fd78e3787","Hard disk 1",,,,,,,,,,,,,,,,
"nc-esxi03","098cf99a-66a8-4aa4-8b78-d62fd78e3787","Hard disk 2",,,,,,,,,,,,,,,,
"nc-esxi03","098cf99a-66a8-4aa4-8b78-d62fd78e3787","Hard disk 3",,,,,,,,,,,,,,,,
"nc-esxi03","098cf99a-66a8-4aa4-8b78-d62fd78e3787","nvme0:0","19.03","216.2","294.56","1887.93","288.52","1620.27","0.82","5.73","0.19","10.27",,,,,"14.86","113.6"
"nc-esxi03","098cf99a-66a8-4aa4-8b78-d62fd78e3787","nvme0:1","22.63","474.13","1527.97","22159.13","6121.88","46193.93","0.66","21.82","1.32","25.8",,,,,"587.6","2184.2"
"nc-esxi03","098cf99a-66a8-4aa4-8b78-d62fd78e3787","nvme0:2","28.83","762.27","1669.07","22201.4","6910.75","85100","0.26","24.64","0.68","21.07",,,,,"815.4","3629.13"
"nc-esxi04","80567138-c0ae-46cf-b199-2fceae735681","Aggregate of all instances","68.49","1124.8",,,,,"1.03","5.8","0.63","12.46","2596.07","6730.2",,,"2527.58","5611.47"
"nc-esxi04","8a652036-edb9-4148-9bbb-1d1d12a2cdab","Aggregate of all instances","100.47","2460",,,,,"1.17","17.95","1.1","20.2","2914.17","7484",,,"2813.71","6369.33"
"nc-esxi04","8a652036-edb9-4148-9bbb-1d1d12a2cdab","Hard disk 1",,,,,,,,,,,,,,,,
"nc-esxi04","80567138-c0ae-46cf-b199-2fceae735681","Hard disk 1",,,,,,,,,,,,,,,,
"nc-esxi04","80567138-c0ae-46cf-b199-2fceae735681","Hard disk 2",,,,,,,,,,,,,,,,
"nc-esxi04","8a652036-edb9-4148-9bbb-1d1d12a2cdab","Hard disk 2",,,,,,,,,,,,,,,,
"nc-esxi04","8a652036-edb9-4148-9bbb-1d1d12a2cdab","Hard disk 3",,,,,,,,,,,,,,,,
"nc-esxi04","80567138-c0ae-46cf-b199-2fceae735681","Hard disk 3",,,,,,,,,,,,,,,,
"nc-esxi04","8a652036-edb9-4148-9bbb-1d1d12a2cdab","nvme0:0","10.98","72.5","324.35","2905.86","260.29","2078.53","0.21","19.73","0.12","19.53",,,,,"9.27","63.2"
"nc-esxi04","80567138-c0ae-46cf-b199-2fceae735681","nvme0:0","19.19","215.33","305.17","2367.67","296.29","1944.73","1.13","6","0.27","11.47",,,,,"14.96","113.33"
"nc-esxi04","80567138-c0ae-46cf-b199-2fceae735681","nvme0:1","17.86","536.33","1100.34","21554.07","3799.54","83792.8","0.63","4.13","1.09","26.47",,,,,"373.54","3483.47"
"nc-esxi04","8a652036-edb9-4148-9bbb-1d1d12a2cdab","nvme0:1","45.43","1130.6","3255.9","36812.2","11295.04","60458.67","1.47","24.47","1.76","21.27",,,,,"1236.64","3415.2"
"nc-esxi04","80567138-c0ae-46cf-b199-2fceae735681","nvme0:2","31.44","587.93","1390.86","23533.67","12926.03","84482.6","0.99","7.07","0.62","20",,,,,"2139.09","5219.33"
"nc-esxi04","8a652036-edb9-4148-9bbb-1d1d12a2cdab","nvme0:2","45.4","1313.6","3239.13","28380.13","12459.13","92530.87","0.89","17.87","0.89","23.8",,,,,"1565.77","4071.27"
"nsx-alb-con-node2","62bcdff8-4013-4b5d-9c4b-366f4d4b422d","Aggregate of all instances","0.03","37.86",,,,,"0.37","19.6","0","0.4","8.28","114.5",,,"8.28","76.64"
"nsx-alb-con-node2","62bcdff8-4013-4b5d-9c4b-366f4d4b422d","scsi0:0","0.03","37.86","0.6","2403.87","120.3","29385.86","0.37","19.6","0","0.4",,,,,"8.28","76.64"
"SupervisorControlPlaneVM (1)","7002f8f6-f297-401a-b6f2-d0e54296dfb3","Aggregate of all instances","0.33","52.29",,,,,"1.11","12.83","0.08","9.5","79.43","256.43",,,"79.1","204.14"
"SupervisorControlPlaneVM (1)","7002f8f6-f297-401a-b6f2-d0e54296dfb3","scsi0:0","0.33","52.29","40.95","8568.21","743.77","20414.57","1.11","12.83","0.2","9.5",,,,,"79.1","204.14"
"SupervisorControlPlaneVM (2)","79a05232-c4c1-4f7a-8c36-702d21981529","Aggregate of all instances","0.52","110.9",,,,,"1.64","17","0.07","4.53","79.68","266.93",,,"79.16","258.5"
"SupervisorControlPlaneVM (2)","3808bb98-25f2-4b8b-ac06-205aca6bd216","Aggregate of all instances","0.95","100.6",,,,,"1.86","29","0.04","2.36","68.64","356.67",,,"67.69","256.07"
"SupervisorControlPlaneVM (2)","3808bb98-25f2-4b8b-ac06-205aca6bd216","scsi0:0","0.95","100.6","69.37","7266.64","604.1","13975.57","1.86","29","0.1","2.36",,,,,"67.69","256.07"
"SupervisorControlPlaneVM (2)","79a05232-c4c1-4f7a-8c36-702d21981529","scsi0:0","0.52","110.9","56.48","8394.8","967.04","22120.29","1.64","17","0.13","4.53",,,,,"79.16","258.5"
"SupervisorControlPlaneVM (3)","04825488-3695-4e42-836d-ecb765ea6678","Aggregate of all instances","0.63","12",,,,,"1.04","11.9","0.11","2.9","76.02","327.21",,,"75.39","317.21"
"SupervisorControlPlaneVM (3)","03c5256c-044f-4f9f-ad5f-8f83064ec505","Aggregate of all instances","0.39","52.64",,,,,"1.31","28.22","0.06","2.56","78.06","233.71",,,"77.67","188.2"
"SupervisorControlPlaneVM (3)","04825488-3695-4e42-836d-ecb765ea6678","scsi0:0","0.63","12","186.92","5778.71","1346.69","26963.43","1.04","11.9","0.23","2.9",,,,,"75.39","317.21"
"SupervisorControlPlaneVM (3)","03c5256c-044f-4f9f-ad5f-8f83064ec505","scsi0:0","0.39","52.64","50.24","8943.21","626.84","20422.79","1.31","28.22","0.08","2.56",,,,,"77.67","188.2"
"test-dns-129.xx","514eaa63-7c69-4aef-a13d-162397168031","Aggregate of all instances","0.47","67.2",,,,,"0.05","4.73","0","0.53","0.79","98.87",,,"0.32","44.13"
"test-dns-129.xx","514eaa63-7c69-4aef-a13d-162397168031","scsi0:0","0.47","67.2","15.88","2510.33","50.23","7837.2","0.14","4.73","0","0.53",,,,,"0.32","44.13"
"vc","02359881-6d46-4608-ab6a-856c8b52e8bc","Aggregate of all instances","20.7","1638.13",,,,,"0.16","16.95","0.01","2.85","36.78","1810.6",,,"16.08","207.53"
"vc","02359881-6d46-4608-ab6a-856c8b52e8bc","scsi0:0","1.55","362","74.62","12946.27","132.96","1741.4","0.19","27.53","0.01","2.13",,,,,"7.35","62"
"vc","02359881-6d46-4608-ab6a-856c8b52e8bc","scsi0:1","0","0.47","0.01","12.13","0","0","0","0","0","0.08",,,,,"0","0"
"vc","02359881-6d46-4608-ab6a-856c8b52e8bc","scsi0:10","0.07","0.73","14.69","29.73","0","0","0","0","0.07","1.27",,,,,"0","0"
"vc","02359881-6d46-4608-ab6a-856c8b52e8bc","scsi0:11","0.07","0.73","14.69","29.73","0","0","0","0","0.07","1.07",,,,,"0","0"
"vc","02359881-6d46-4608-ab6a-856c8b52e8bc","scsi0:12","0.07","7.27","14.82","1014.6","6.71","25786.8","0.02","39.29","0.06","7.33",,,,,"0.01","31"
"vc","02359881-6d46-4608-ab6a-856c8b52e8bc","scsi0:13","0.08","30.07","14.75","242.8","5.19","126.87","0.09","88.2","0.06","1.27",,,,,"0","1"
"vc","02359881-6d46-4608-ab6a-856c8b52e8bc","scsi0:14","0.07","1.6","14.7","43.13","0","3.4","0","0.47","0.06","1.33",,,,,"0","0.2"
"vc","02359881-6d46-4608-ab6a-856c8b52e8bc","scsi0:15","0.07","0.73","14.69","29.73","0","0.33","0","0","0.07","1.33",,,,,"0","0"
"vc","02359881-6d46-4608-ab6a-856c8b52e8bc","scsi0:2","19.62","1146.67","137.57","6182","58.52","4112.4","0.18","4.73","0","3.33",,,,,"1.1","89.2"
"vc","02359881-6d46-4608-ab6a-856c8b52e8bc","scsi0:3","0.07","6.4","14.73","160.67","0.26","819.53","0","2.57","0.04","1.2",,,,,"0","7.2"
"vc","02359881-6d46-4608-ab6a-856c8b52e8bc","scsi0:4","0.08","12.07","15.71","1180","91.12","1470.73","0.13","29.47","0.03","1.67",,,,,"4.37","14.27"
"vc","02359881-6d46-4608-ab6a-856c8b52e8bc","scsi0:5","0.08","21.27","14.98","499.2","18.04","424.4","0.13","13.6","0.05","1.07",,,,,"1.45","79.8"
"vc","02359881-6d46-4608-ab6a-856c8b52e8bc","scsi0:6","0.07","6","14.74","191.8","27.1","392.27","0.04","7.2","0.05","1.13",,,,,"1.52","27.33"
"vc","02359881-6d46-4608-ab6a-856c8b52e8bc","scsi0:8","0.26","57","15.04","505.87","5.56","90.13","0.08","13","0.05","1.07",,,,,"0.3","4.6"
"vc","02359881-6d46-4608-ab6a-856c8b52e8bc","scsi0:9","0.07","0.73","14.69","29.73","0","0","0","0","0.07","1.07",,,,,"0","0"
"vc","02359881-6d46-4608-ab6a-856c8b52e8bc","scsi1:0","0.08","76.73","16.42","9853.67","0","2.53","0","0.29","0.06","1.27",,,,,"0","0.13"
"vc","02359881-6d46-4608-ab6a-856c8b52e8bc","scsi1:1","0.07","0.73","14.7","30.6","0.44","2461.47","0","1.73","0","1.13",,,,,"0.01","48.47"
"vcf9esxi01","1aeb0fdb-fa9a-4660-9d42-0d81d446f987","Aggregate of all instances","131.65","3303.27",,,,,"0.9","301.8","0.78","133.82","1745.71","6674.67",,,"1614.06","5649.4"
"vcf9esxi01","1aeb0fdb-fa9a-4660-9d42-0d81d446f987","Hard disk 2",,,,,,,,,,,,,,,,
"vcf9esxi01","1aeb0fdb-fa9a-4660-9d42-0d81d446f987","Hard disk 3",,,,,,,,,,,,,,,,
"vcf9esxi01","1aeb0fdb-fa9a-4660-9d42-0d81d446f987","Hard disk 4",,,,,,,,,,,,,,,,
"vcf9esxi01","1aeb0fdb-fa9a-4660-9d42-0d81d446f987","Hard disk 5",,,,,,,,,,,,,,,,
"vcf9esxi01","1aeb0fdb-fa9a-4660-9d42-0d81d446f987","Hard disk 6",,,,,,,,,,,,,,,,
"vcf9esxi01","1aeb0fdb-fa9a-4660-9d42-0d81d446f987","nvme0:0","47.27","1088.13","1385.96","47798.6","1745.12","44959.27","1.2","1620.4","0.69","23.27",,,,,"154.6","1932.67"
"vcf9esxi01","1aeb0fdb-fa9a-4660-9d42-0d81d446f987","nvme0:1","46.47","914.07","1405.35","59873.73","3342.93","45606.13","1.21","1355.8","1.3","881.67",,,,,"448.22","1531.47"
"vcf9esxi01","1aeb0fdb-fa9a-4660-9d42-0d81d446f987","nvme0:2","18.86","1639.47","836.88","58299.87","5808.47","50955.2","0.84","35.13","1.11","69.27",,,,,"904.83","4611.6"
"vcf9esxi01","1aeb0fdb-fa9a-4660-9d42-0d81d446f987","nvme0:3","14.81","1617.47","834.35","51990.87","1455.83","44264.8","0.98","21.8","0.85","21.4",,,,,"225.72","1416.67"
"vcf9esxi01","1aeb0fdb-fa9a-4660-9d42-0d81d446f987","nvme0:4","1.04","171.8","78.22","15314.33","270.12","10472.67","1.01","8.73","0.84","35.07",,,,,"10.16","309.33"
"vcf9esxi01","1aeb0fdb-fa9a-4660-9d42-0d81d446f987","scsi0:0","23.46","1304.2","947.74","117711.47","435.11","215788.67","1.04","42.4","0.42","28.53",,,,,"12.01","419.8"
"vcf9esxi01","1aeb0fdb-fa9a-4660-9d42-0d81d446f987","scsi0:1",,,,,,,,,,,,,,,,
"vcf9esxi01","1aeb0fdb-fa9a-4660-9d42-0d81d446f987","scsi0:2",,,,,,,,,,,,,,,,
"vcf9esxi01","1aeb0fdb-fa9a-4660-9d42-0d81d446f987","scsi0:3",,,,,,,,,,,,,,,,
"vcf9esxi02","3bd50050-df83-4c7f-b906-0100d9d826c7","Aggregate of all instances","126.56","2063.4",,,,,"1.11","244","0.54","31.05","1177.09","4811.93",,,"1050.53","4782.53"
"vcf9esxi02","3bd50050-df83-4c7f-b906-0100d9d826c7","Hard disk 2",,,,,,,,,,,,,,,,
"vcf9esxi02","3bd50050-df83-4c7f-b906-0100d9d826c7","Hard disk 3",,,,,,,,,,,,,,,,
"vcf9esxi02","3bd50050-df83-4c7f-b906-0100d9d826c7","Hard disk 4",,,,,,,,,,,,,,,,
"vcf9esxi02","3bd50050-df83-4c7f-b906-0100d9d826c7","Hard disk 5",,,,,,,,,,,,,,,,
"vcf9esxi02","3bd50050-df83-4c7f-b906-0100d9d826c7","Hard disk 6",,,,,,,,,,,,,,,,
"vcf9esxi02","3bd50050-df83-4c7f-b906-0100d9d826c7","nvme0:0","39.64","1093.27","1045.64","21496.2","1113.02","80268.93","1.01","15","1","30.27",,,,,"115.18","3434.07"
"vcf9esxi02","3bd50050-df83-4c7f-b906-0100d9d826c7","nvme0:1","42.93","872.4","1087.1","16265.33","2193.19","44078.4","0.71","31.73","0.98","46.8",,,,,"287.01","1621.53"
"vcf9esxi02","3bd50050-df83-4c7f-b906-0100d9d826c7","nvme0:2","9.19","438.27","445.32","8970.73","1417.69","59991.54","1.11","112.8","1.16","35",,,,,"237.88","2122.73"
"vcf9esxi02","3bd50050-df83-4c7f-b906-0100d9d826c7","nvme0:3","21.39","752.47","573.48","14475.33","2725.13","26273.2","1.53","1170.07","0.77","67.33",,,,,"481.34","1541.73"
"vcf9esxi02","3bd50050-df83-4c7f-b906-0100d9d826c7","nvme0:4","11.4","592.6","179.68","8186.93","76.82","14563.2","1.21","551.53","1.03","203.4",,,,,"1.77","485.67"
"vcf9esxi02","3bd50050-df83-4c7f-b906-0100d9d826c7","scsi0:0","17.43","82.33","651.49","3550","219.03","2257.93","0.9","22.53","0.35","29.93",,,,,"11.06","54.67"
"vcf9esxi02","3bd50050-df83-4c7f-b906-0100d9d826c7","scsi0:1",,,,,,,,,,,,,,,,
"vcf9esxi02","3bd50050-df83-4c7f-b906-0100d9d826c7","scsi0:2",,,,,,,,,,,,,,,,
"vcf9esxi04","5170d921-1313-498d-a901-6b21749c5667","Aggregate of all instances","93.26","3259.87",,,,,"1.09","21.53","0.77","18.44","1616.26","6161.33",,,"1522.99","5380.27"
"vcf9esxi04","5170d921-1313-498d-a901-6b21749c5667","Hard disk 2",,,,,,,,,,,,,,,,
"vcf9esxi04","5170d921-1313-498d-a901-6b21749c5667","Hard disk 3",,,,,,,,,,,,,,,,
"vcf9esxi04","5170d921-1313-498d-a901-6b21749c5667","Hard disk 4",,,,,,,,,,,,,,,,
"vcf9esxi04","5170d921-1313-498d-a901-6b21749c5667","Hard disk 5",,,,,,,,,,,,,,,,
"vcf9esxi04","5170d921-1313-498d-a901-6b21749c5667","Hard disk 6",,,,,,,,,,,,,,,,
"vcf9esxi04","5170d921-1313-498d-a901-6b21749c5667","nvme0:0","20.21","1770.27","1257.47","56431.54","3201.38","70472.13","1.07","26.73","1.14","18.53",,,,,"286.2","3199.2"
"vcf9esxi04","5170d921-1313-498d-a901-6b21749c5667","nvme0:1","17.25","1441","873.37","62820.33","4022.56","38167.8","1.15","42.4","0.98","55.53",,,,,"737.55","1995.47"
"vcf9esxi04","5170d921-1313-498d-a901-6b21749c5667","nvme0:2","23.09","728.6","670.92","46759.27","2135.4","27342.87","0.94","13.13","0.96","28.2",,,,,"294.59","1520.67"
"vcf9esxi04","5170d921-1313-498d-a901-6b21749c5667","nvme0:3","24.88","856.33","1060.92","26378.07","1925.82","35259.4","1.33","35.4","1.01","24.07",,,,,"188.85","1555"
"vcf9esxi04","5170d921-1313-498d-a901-6b21749c5667","nvme0:4","4.12","157.33","126.06","6223.2","230.84","10535.6","1.48","18.6","0.95","19.53",,,,,"10.23","317.47"
"vcf9esxi04","5170d921-1313-498d-a901-6b21749c5667","sata0:0",,,,,,,,,,,,,,,,
"vcf9esxi04","5170d921-1313-498d-a901-6b21749c5667","scsi0:0","17.13","289.33","641.19","28029","131.37","35792.8","1.11","24.2","0.54","52.47",,,,,"9.75","173.13"
"vcf9esxi04","5170d921-1313-498d-a901-6b21749c5667","scsi0:1",,,,,,,,,,,,,,,,
"vcf9esxi04","5170d921-1313-498d-a901-6b21749c5667","scsi0:2",,,,,,,,,,,,,,,,
"vcf9-installer","7553a2ca-d140-4a09-bd95-5d9c5b7cca84","Aggregate of all instances","4.46","1363.67",,,,,"0.39","75.25","0","0.6","8.03","1370.47",,,"3.7","259.2"
"vcf9-installer","7553a2ca-d140-4a09-bd95-5d9c5b7cca84","scsi0:0","0.28","105.8","12.27","7053.13","20.52","57304","0.44","15.87","0","0.4",,,,,"2.28","168.4"
"vcf9-installer","7553a2ca-d140-4a09-bd95-5d9c5b7cca84","scsi0:1","0.19","98.13","3.31","1689.67","3.54","3421.2","0.03","6.73","0.01","1.73",,,,,"0.04","48.47"
"vcf9-installer","7553a2ca-d140-4a09-bd95-5d9c5b7cca84","scsi0:2","0.08","125.07","2.49","3859","24.02","10700.93","0.28","18.2","0","0.6",,,,,"1.23","34.27"
"vcf9-installer","7553a2ca-d140-4a09-bd95-5d9c5b7cca84","scsi0:3","3.92","1360","483.89","167244.8","42.82","64318.73","0.34","78.73","0.01","16.4",,,,,"0.07","77.67"
"vcf9-installer","7553a2ca-d140-4a09-bd95-5d9c5b7cca84","scsi0:4","0.07","408.87","5.57","44040.4","3.86","7783.93","0.06","5.4","0","0.4",,,,,"0.37","38"
"vcf9-installer","7553a2ca-d140-4a09-bd95-5d9c5b7cca84","scsi0:5","0","1","0.01","18.6","0","0","0","0","0","0.08",,,,,"0","0"
"vcf-auto-runtime-b2mtt","10d2de9f-2650-40fe-a2a8-5656423f1058","Aggregate of all instances","0.93","1.87",,,,,"1.8","1.86","0.07","0.14","10.77","12.07",,,"9.83","10.2"
"vcf-auto-runtime-b2mtt","10d2de9f-2650-40fe-a2a8-5656423f1058","scsi0:0","0.93","1.87","91.2","180.6","156.5","186.6","1.8","1.86","0.07","0.14",,,,,"9.83","10.2"
"vcf-auto-runtime-d865s","776c6fac-f8f6-4a6f-8b55-7de3d3043628","Aggregate of all instances","2.03","4.07",,,,,"3.47","5.62","0.23","0.46","11.83","14.6",,,"9.8","10.53"
"vcf-auto-runtime-d865s","776c6fac-f8f6-4a6f-8b55-7de3d3043628","scsi0:0","2.03","4.07","187.43","373.27","163.2","211.93","3.47","5.62","0.23","0.46",,,,,"9.8","10.53"
"vcf-auto-runtime-dl8bj","6a1a5aef-7fe9-4c47-bb24-e884aa8194ee","Aggregate of all instances","0.97","1.93",,,,,"1.95","2.36","0.04","0.07","10.37","12.13",,,"9.4","10.2"
"vcf-auto-runtime-dl8bj","6a1a5aef-7fe9-4c47-bb24-e884aa8194ee","scsi0:0","0.97","1.93","92.67","183.13","136","178.93","1.95","2.36","0.04","0.07",,,,,"9.4","10.2"
"vcf-auto-runtime-gg57w","4fbb8361-7d0b-4752-ba4b-28afa80f39c1","Aggregate of all instances","3.53","14.13",,,,,"1.68","2.64",,,"13.73","29",,,"10.2","14.87"
"vcf-auto-runtime-gg57w","4fbb8361-7d0b-4752-ba4b-28afa80f39c1","scsi0:0","3.53","14.13","168.73","671.6","124.05","261.27","1.68","2.64","0.02","0.07",,,,,"10.2","14.87"
"vcf-auto-runtime-l7ww8","33a17370-e310-4851-91cd-4163e2bc8362","Aggregate of all instances",,,,,,,"1.33","1.6",,,"8.33","9.13",,,"8.33","9.13"
"vcf-auto-runtime-l7ww8","33a17370-e310-4851-91cd-4163e2bc8362","scsi0:0",,,"3.13","4.13","105.6","161.13","1.33","1.6",,,,,,,"8.33","9.13"
"vcf-auto-runtime-nsv8k","59c1b13e-4fd5-4128-9e42-273cad4177e3","Aggregate of all instances","2.03","4.07",,,,,"1.46","1.93",,,"12.03","15.53",,,"10","11.47"
"vcf-auto-runtime-nsv8k","59c1b13e-4fd5-4128-9e42-273cad4177e3","scsi0:0","2.03","4.07","192.27","382.33","158.03","230.73","1.46","1.93","0.03","0.07",,,,,"10","11.47"
"vcf-auto-runtime-pmtf4","1da49829-22f0-463d-b596-da2e3acd734e","Aggregate of all instances","9.3","1201.8",,,,,"0.81","21.36","0.14","1.47","479.44","1641.07",,,"470.14","1268.87"
"vcf-auto-runtime-pmtf4","1da49829-22f0-463d-b596-da2e3acd734e","scsi0:0","8.83","79.47","149.11","9160.13","4268.25","50016.4","0.96","22.93","0.13","1.47",,,,,"353.07","1144.8"
"vcf-auto-runtime-pmtf4","1da49829-22f0-463d-b596-da2e3acd734e","scsi0:1","0.31","1105.8","45.22","156715.33","38.83","92465.73","0.09","6.67","0","1.13",,,,,"0.11","225.6"
"vcf-auto-runtime-pmtf4","1da49829-22f0-463d-b596-da2e3acd734e","scsi0:10","0","0.13","0","3.6","180.37","259.53","0.41","5.13","0","0.13",,,,,"59.72","76.73"
"vcf-auto-runtime-pmtf4","1da49829-22f0-463d-b596-da2e3acd734e","scsi0:11","0","0","0","0.13","1.51","217","0.32","8.33","0","0",,,,,"0","0.4"
"vcf-auto-runtime-pmtf4","1da49829-22f0-463d-b596-da2e3acd734e","scsi0:12","0","3.43","0.01","48.14","1.21","4625.86","0.02","72.14","0","0.14",,,,,"0.01","37.73"
"vcf-auto-runtime-pmtf4","1da49829-22f0-463d-b596-da2e3acd734e","scsi0:13","0","0.92","0","13.67","10.59","29.25","0.44","6.2","0","0.07",,,,,"0.89","3.08"
"vcf-auto-runtime-pmtf4","1da49829-22f0-463d-b596-da2e3acd734e","scsi0:14","0","0.92","0","13.67","12.58","22.17","0.36","5.6","0","0",,,,,"4","4.13"
"vcf-auto-runtime-pmtf4","1da49829-22f0-463d-b596-da2e3acd734e","scsi0:2","0","0","0","0.13","16.29","389.13","0.3","10.33","0","0",,,,,"3.76","98.87"
"vcf-auto-runtime-pmtf4","1da49829-22f0-463d-b596-da2e3acd734e","scsi0:3","0.18","418.13","22.37","53222.27","13.5","20825.07","0.55","13.93","0","0.93",,,,,"0.03","61.2"
"vcf-auto-runtime-pmtf4","1da49829-22f0-463d-b596-da2e3acd734e","scsi0:4","0.1","29.87","21.92","11133.6","80.91","11136.07","1.89","12.33","0","2.2",,,,,"0.3","24.47"
"vcf-auto-runtime-pmtf4","1da49829-22f0-463d-b596-da2e3acd734e","scsi0:5","0","1.47","0.01","12.29","236.78","647.73","0.9","4.47","0","0.07",,,,,"7.14","27.13"
"vcf-auto-runtime-pmtf4","1da49829-22f0-463d-b596-da2e3acd734e","scsi0:6","0","0","0","0","0","0","0","1.13","0","0",,,,,"0","0"
"vcf-auto-runtime-pmtf4","1da49829-22f0-463d-b596-da2e3acd734e","scsi0:8","0","0.73","0","8.2","271.52","720.33","0.86","8.87","0","0.13",,,,,"7.89","29.67"
"vcf-auto-runtime-pmtf4","1da49829-22f0-463d-b596-da2e3acd734e","scsi0:9","0.01","36.55","0.82","2484.82","811.09","14737.4","0.12","7.73","0","0.21",,,,,"34.71","116.4"
"vcf-auto-runtime-srqgh","700f1181-505c-4071-81f9-2c359ad83ccf","Aggregate of all instances","1.97","3.93",,,,,"1.72","2.23",,,"11.8","14.67",,,"9.83","10.73"
"vcf-auto-runtime-srqgh","700f1181-505c-4071-81f9-2c359ad83ccf","scsi0:0","1.97","3.93","181.73","359.07","157.9","229.2","1.72","2.23",,,,,,,"9.83","10.73"
"vcf-auto-runtime-x6ztr","929ddd1d-3403-4516-8aab-d2bfa05911c1","Aggregate of all instances","0.03","0.07",,,,,"1.67","2.13","0.1","0.2","9.07","9.8",,,"9.03","9.73"
"vcf-auto-runtime-x6ztr","929ddd1d-3403-4516-8aab-d2bfa05911c1","scsi0:0","0.03","0.07","2.6","4.53","132.9","212.2","1.67","2.13","0.13","0.2",,,,,"9.03","9.73"
"vcf-auto-runtime-zrm4x","739ae407-ae08-4764-a5ec-7977243d64e4","Aggregate of all instances",,,,,,,"1.76","1.79",,,"8.57","8.93",,,"8.57","8.93"
"vcf-auto-runtime-zrm4x","739ae407-ae08-4764-a5ec-7977243d64e4","scsi0:0",,,"3.13","4.93","131.03","179.27","1.76","1.79","0.04","0.07",,,,,"8.57","8.93"
"VCF-CP","57ad7a5b-a036-4766-b6fb-9f284c8c565f","Aggregate of all instances","0","0",,,,,"0.68","28.4","0","0","0.73","2.2",,,"0.73","2.2"
"VCF-CP","57ad7a5b-a036-4766-b6fb-9f284c8c565f","scsi0:0","0","0","0","0","1.01","9.33","0.77","180.07","0","0",,,,,"0","0.67"
"VCF-CP","57ad7a5b-a036-4766-b6fb-9f284c8c565f","scsi0:1","0","0","0","0","10.9","51.2","0.68","28.4","0","0.07",,,,,"0.73","1.6"
"VCF-CP","57ad7a5b-a036-4766-b6fb-9f284c8c565f","scsi0:2","0","0","0","0","0","0","0","0","0","0",,,,,"0","0"
"vcf-license","71aa8565-972f-40e1-b446-8e18f4f98ce8","Aggregate of all instances","0","0.47",,,,,"0.19","8.67","0","0","0.3","1.07",,,"0.3","1.07"
"vcf-license","71aa8565-972f-40e1-b446-8e18f4f98ce8","scsi0:0","0","0.47","0","1.13","0","0","0","0.2","0","0.13",,,,,"0","0"
"vcf-license","71aa8565-972f-40e1-b446-8e18f4f98ce8","scsi0:1","0","0","0","0","4.4","60.73","0.19","8.67","0","0",,,,,"0.3","1.07"
"vcf-license","71aa8565-972f-40e1-b446-8e18f4f98ce8","scsi0:2","0","0","0","0","0","0","0","0","0","0",,,,,"0","0"
"vcf-ops01","75be5077-bd99-41c5-a9b1-e2b19dc540cd","Aggregate of all instances","0.64","523.47",,,,,"0.74","181.25","0","0.73","21.69","607.11",,,"21.4","232.8"
"vcf-ops01","75be5077-bd99-41c5-a9b1-e2b19dc540cd","scsi0:0","0.22","343.93","8.24","10015.93","30.41","54713.2","0.48","177.87","0","0.93",,,,,"1.11","159.93"
"vcf-ops01","75be5077-bd99-41c5-a9b1-e2b19dc540cd","scsi0:1","0.41","436.53","19.82","23220.07","210.99","8809.36","0.74","181.33","0.01","0.73",,,,,"21.38","232.67"
"vcf-ops01","75be5077-bd99-41c5-a9b1-e2b19dc540cd","scsi0:2","0","0.6","0.01","21.73","0","0","0","0","0","0",,,,,"0","0"
"vcf-runtime-86xzs","7099562b-2461-4f79-8b7f-5ace2d77dbe3","Aggregate of all instances","78.34","16238.33",,,,,"0.61","12.01","0.17","1.87","113.93","16284",,,"52.67","471.2"
"vcf-runtime-86xzs","7099562b-2461-4f79-8b7f-5ace2d77dbe3","scsi0:0","78.27","16238.33","3807.2","775611.12","496.27","15312.2","0.59","11.27","0.61","4.93",,,,,"49.19","470.8"
"vcf-runtime-86xzs","7099562b-2461-4f79-8b7f-5ace2d77dbe3","scsi0:1","0.07","89.53","10.08","12713.2","9.07","13590.67","0.15","7.13","0","0.33",,,,,"0.01","22.13"
"vcf-runtime-86xzs","7099562b-2461-4f79-8b7f-5ace2d77dbe3","scsi0:10","0","0.53","0.01","11","30.95","967.4","0.34","10.27","0","0.07",,,,,"0.62","23.4"
"vcf-runtime-86xzs","7099562b-2461-4f79-8b7f-5ace2d77dbe3","scsi0:11","0","1.33","0.01","19.44","42.1","855.44","0.38","11.8","0","0.13",,,,,"1.51","17.89"
"vcf-runtime-86xzs","7099562b-2461-4f79-8b7f-5ace2d77dbe3","scsi0:12",,,"0","0.07","2.95","4175.67","0.05","23.87",,,,,,,"0","3.73"
"vcf-runtime-86xzs","7099562b-2461-4f79-8b7f-5ace2d77dbe3","scsi0:2","0.02","11.8","8.09","6690.53","15.94","7132.8","0.53","23.93","0","1.87",,,,,"0.06","13.67"
"vcf-runtime-86xzs","7099562b-2461-4f79-8b7f-5ace2d77dbe3","scsi0:3","0","0","0","0","0.72","22.13","0.43","10.67","0","0",,,,,"0.11","5.67"
"vcf-runtime-86xzs","7099562b-2461-4f79-8b7f-5ace2d77dbe3","scsi0:4","0","0","0","0","0","0","0","0.13","0","0",,,,,"0","0"
"vcf-runtime-86xzs","7099562b-2461-4f79-8b7f-5ace2d77dbe3","scsi0:5","0","0.53","0","11","0.26","1.6","0.33","15.14","0","0",,,,,"0","0.07"
"vcf-runtime-86xzs","7099562b-2461-4f79-8b7f-5ace2d77dbe3","scsi0:6","0","5.6","0.68","1354.2","14.64","44210.54","0.02","22","0","0.07",,,,,"0.02","52.73"
"vcf-runtime-86xzs","7099562b-2461-4f79-8b7f-5ace2d77dbe3","scsi0:8","0","0.53","0","11","52.19","997.6","0.63","12.6","0","0.07",,,,,"1.46","18"
"vcf-runtime-86xzs","7099562b-2461-4f79-8b7f-5ace2d77dbe3","scsi0:9","0","0","0","0","40.98","448.07","0.93","31.73","0","0",,,,,"0.48","4.8"
"vcf-runtime-d5rbp","10a1c0cd-34f0-4727-809c-06495aa02e4a","Aggregate of all instances","93.47","313.47",,,,,"1.69","1093.73","0.04","22.47","615.46","1408.36",,,"521.98","1242.6"
"vcf-runtime-d5rbp","10a1c0cd-34f0-4727-809c-06495aa02e4a","scsi0:0","90.12","157.87","1525.99","4606.87","6909.33","24458.8","1.67","1093.73","0.06","22.47",,,,,"516.85","1237.6"
"vcf-runtime-d5rbp","10a1c0cd-34f0-4727-809c-06495aa02e4a","scsi0:1","0","0.13","0","3.47","0","0.07","0","0.07",,,,,,,,
"vcf-runtime-d5rbp","10a1c0cd-34f0-4727-809c-06495aa02e4a","scsi0:10","0.03","4.93","0.3","49.47","51.06","808.87","1.31","17.47","0","0.33",,,,,"1.29","26"
"vcf-runtime-d5rbp","10a1c0cd-34f0-4727-809c-06495aa02e4a","scsi0:2","0","0.13","0","3.47","2.24","2744.73","0.03","32.27",,,,,,,"0","2.33"
"vcf-runtime-d5rbp","10a1c0cd-34f0-4727-809c-06495aa02e4a","scsi0:3","0","0.13","0.01","3.47","1.57","1593.27","0.02","7.2","0","0.07",,,,,"0","2.13"
"vcf-runtime-d5rbp","10a1c0cd-34f0-4727-809c-06495aa02e4a","scsi0:4","3.32","214.73","32.28","3405.2","62.26","1887.67","0.35","7.8","0.01","0.93",,,,,"2.37","53.73"
"vcf-runtime-d5rbp","10a1c0cd-34f0-4727-809c-06495aa02e4a","scsi0:5","0.02","9.87","0.48","375.67","5.8","225.27","0.16","8.13","0","0.6",,,,,"0.09","5.8"
"vcf-runtime-d5rbp","10a1c0cd-34f0-4727-809c-06495aa02e4a","scsi0:6","0","0.13","0.01","3.6","159.35","6321.4","0.42","4.67",,,,,,,"4.74","196.6"
"vcf-runtime-d5rbp","10a1c0cd-34f0-4727-809c-06495aa02e4a","scsi0:8","0","0.73","0.04","10.93","0.09","8.4","0.05","2.13","0","0.07",,,,,"0","0.2"
"vcf-runtime-d5rbp","10a1c0cd-34f0-4727-809c-06495aa02e4a","scsi0:9","0","0.22","0.02","3.6","31.39","41.93","0.35","3.87",,,,,,,"5.76","8.07"
"vcf-runtime-lrq6c","6009da30-ec56-4cbc-9208-ba8a62ac02f2","Aggregate of all instances","62.51","4731.87",,,,,"1.94","23.1","0.22","1.67","356.37","4866.47",,,"293.85","1178.67"
"vcf-runtime-lrq6c","6009da30-ec56-4cbc-9208-ba8a62ac02f2","scsi0:0","30.95","268.13","203.78","5354.93","3232.43","26480.33","0.84","11.13","0.71","2.73",,,,,"277.87","1164"
"vcf-runtime-lrq6c","6009da30-ec56-4cbc-9208-ba8a62ac02f2","scsi0:1","0.18","173.73","22.41","22075.93","5.26","19998.8","0.31","10.13","0","0.4",,,,,"0.01","56.2"
"vcf-runtime-lrq6c","6009da30-ec56-4cbc-9208-ba8a62ac02f2","scsi0:10",,,,,,,"0","0.13",,,,,,,,
"vcf-runtime-lrq6c","6009da30-ec56-4cbc-9208-ba8a62ac02f2","scsi0:2","0.03","22.07","4.9","4450.4","11.31","5138.4","0.48","19.53","0","1.27",,,,,"0.04","9.6"
"vcf-runtime-lrq6c","6009da30-ec56-4cbc-9208-ba8a62ac02f2","scsi0:3","0.03","24.93","0.87","573.27","27.41","280.33","0.65","14.4","0","0.13",,,,,"0.02","0.6"
"vcf-runtime-lrq6c","6009da30-ec56-4cbc-9208-ba8a62ac02f2","scsi0:4","0","1.07","0.01","12.53","23.39","2264.67","0.73","12.87","0","0.07",,,,,"0.34","12.33"
"vcf-runtime-lrq6c","6009da30-ec56-4cbc-9208-ba8a62ac02f2","scsi0:5","0.03","49.13","0.41","814.93","37.44","751.47","0.49","10.4","0","0.14",,,,,"1.41","27.13"
"vcf-runtime-lrq6c","6009da30-ec56-4cbc-9208-ba8a62ac02f2","scsi0:6","0","5.33","0.01","14.07","39.45","72.87","0.3","8.53","0","0.13",,,,,"7.52","19.67"
"vcf-runtime-lrq6c","6009da30-ec56-4cbc-9208-ba8a62ac02f2","scsi0:8","0.02","71.8","4.85","14517.2","4.95","14637.47","0.06","5.87","0","0.47",,,,,"0.01","29.47"
"vcf-runtime-lrq6c","6009da30-ec56-4cbc-9208-ba8a62ac02f2","scsi0:9","38.04","4731.53","319.93","43833.87","2504.09","24251.27","3.89","37.6","0.01","0.4",,,,,"15.79","79.53"
"vcf-runtime-rrckz","503da271-8d08-4503-8a97-e5aac5c5bbc1","Aggregate of all instances","4.84","1898",,,,,"1.12","74.59","0.03","1.87","66.72","2121.4",,,"61.88","1565.07"
"vcf-runtime-rrckz","503da271-8d08-4503-8a97-e5aac5c5bbc1","scsi0:0","0.22","147.33","11.98","11157.13","640.79","48201.8","0.86","10.67","0.16","3.13",,,,,"50.76","1523.33"
"vcf-runtime-rrckz","503da271-8d08-4503-8a97-e5aac5c5bbc1","scsi0:1","0.01","13.47","0.7","1169.67","7.66","1287.53","0.26","11.67","0","0.6",,,,,"1.5","52.87"
"vcf-runtime-rrckz","503da271-8d08-4503-8a97-e5aac5c5bbc1","scsi0:2","0.01","11.6","2.66","3468.47","13.33","3467.6","0.42","18.07","0","1.87",,,,,"0.06","6.6"
"vcf-runtime-rrckz","503da271-8d08-4503-8a97-e5aac5c5bbc1","scsi0:3","0","0.47","0","4.2","208.63","867.6","0.9","9.67","0","0.13",,,,,"3.74","15.13"
"vcf-runtime-rrckz","503da271-8d08-4503-8a97-e5aac5c5bbc1","scsi0:4","0","0.67","0","4.8","0.26","390.27","0.01","14.6","0","0.07",,,,,"0","0.33"
"vcf-runtime-rrckz","503da271-8d08-4503-8a97-e5aac5c5bbc1","scsi0:5","6.49","1894","52.7","16428","598.62","81539.13","1.51","99.47","0","0.33",,,,,"3.2","162.47"
"vcf-runtime-rrckz","503da271-8d08-4503-8a97-e5aac5c5bbc1","scsi0:6","0","0","0","0","59.7","583.5","0.54","12","0","0",,,,,"1.96","17.27"
"vcf-runtime-rrckz","503da271-8d08-4503-8a97-e5aac5c5bbc1","scsi0:8","0","0.33","0.01","3.6","27.16","544","0.21","4","0","0",,,,,"4.97","18.4"
"vcf-vrli01","78a88e54-a6f2-4875-938d-38d872aa7c14","Aggregate of all instances","19.11","294.73",,,,,"1.27","510.83","0.01","5.6","98.35","371.27",,,"79.23","146.93"
"vcf-vrli01","78a88e54-a6f2-4875-938d-38d872aa7c14","scsi0:0","9.78","237.47","176.05","2653.87","63.61","2370.75","0.45","15.2","0.02","8.13",,,,,"2.01","78.33"
"vcf-vrli01","78a88e54-a6f2-4875-938d-38d872aa7c14","scsi0:1","9.62","137","256.17","7584","2130.01","5440.67","1.29","525.33","0.01","2.27",,,,,"77.23","144.07"
"vcf-vrni01","4abe8eb9-42ab-461f-8da2-b86666de5aa0","Aggregate of all instances","6.72","948.2",,,,,"0.2","10.92","0","0.93","165.64","2039.6",,,"159.03","1107.87"
"vcf-vrni01","4abe8eb9-42ab-461f-8da2-b86666de5aa0","scsi0:0","6.72","948.2","51.12","78086.6","1262.04","85734","0.2","10.92","0","0.93",,,,,"159.03","1107.87"
"vcf-vrni03","3edcffba-a872-4390-b06e-1e13a0746327","Aggregate of all instances","6.6","1144.31",,,,,"0.68","1538.2","0.01","38.67","142.42","2277.92",,,"135.93","1133.62"
"vcf-vrni03","3edcffba-a872-4390-b06e-1e13a0746327","scsi0:0","6.6","1144.31","39.58","9421.2","1129.33","52090.87","0.68","1538.2","0.01","38.67",,,,,"135.93","1133.62"
"vra-drd6d","35ad2350-6f1b-4880-9416-fe68b4bf3a01","Aggregate of all instances","20.95","514.67",,,,,"0.65","8.67","0","1.87","700.41","1429.67",,,"679.46","1403.6"
"vra-drd6d","35ad2350-6f1b-4880-9416-fe68b4bf3a01","scsi0:0","20.59","96.6","258.86","2678.07","3105.55","9129.73","0.58","9.33","0","1.87",,,,,"258.37","873.33"
"vra-drd6d","35ad2350-6f1b-4880-9416-fe68b4bf3a01","scsi0:1","0.34","459.47","28.97","48201.8","619.02","37182.33","0.34","9.67","0","0.4",,,,,"26.97","154.8"
"vra-drd6d","35ad2350-6f1b-4880-9416-fe68b4bf3a01","scsi0:2","0","2.73","0.03","31.33","100.74","247.67","1.37","12.47",,,,,,,"1.8","7.33"
"vra-drd6d","35ad2350-6f1b-4880-9416-fe68b4bf3a01","scsi0:3","0","2.13","0.03","26.93","91.27","264.87","1.23","13.2","0","0.13",,,,,"1.51","9.93"
"vra-drd6d","35ad2350-6f1b-4880-9416-fe68b4bf3a01","scsi0:4","0","0.27","0.17","253.67","0.06","21.47","0.01","2.2","0","0.53",,,,,"0","0.47"
"vra-drd6d","35ad2350-6f1b-4880-9416-fe68b4bf3a01","scsi0:5","0","0.13","0","1","1058.37","1892.53","0.57","8.33",,,,,,,"390.88","627.13"
"vra-drd6d","35ad2350-6f1b-4880-9416-fe68b4bf3a01","scsi0:6",,,,,,,,,,,,,,,,
"vra-drd6d","35ad2350-6f1b-4880-9416-fe68b4bf3a01","scsi0:8",,,,,,,,,,,,,,,,
"vra-drd6d","35ad2350-6f1b-4880-9416-fe68b4bf3a01","scsi0:9","0","1.87","0.05","98.07","1.64","1221.73","0.05","4.13",,,,,,,"0.01","3.53"
"vra-jtcvr","732da37b-1bb3-41d1-975f-2a1e9301ac94","Aggregate of all instances","26.28","104.87",,,,,"0.67","10.95","0.01","1.66","675.19","1052.42",,,"648.91","1011.67"
"vra-jtcvr","732da37b-1bb3-41d1-975f-2a1e9301ac94","scsi0:0","26.03","61.8","393.7","1746.47","2729.1","7089.13","0.47","12.2","0","0.93",,,,,"232.68","484.13"
"vra-jtcvr","732da37b-1bb3-41d1-975f-2a1e9301ac94","scsi0:1","0.13","49","28.75","14759.87","96.72","15006.13","2.28","38.47","0.01","2.2",,,,,"0.25","29.53"
"vra-jtcvr","732da37b-1bb3-41d1-975f-2a1e9301ac94","scsi0:10",,,,,"1.7","1209.73","0.04","7.4",,,,,,,"0.01","3.4"
"vra-jtcvr","732da37b-1bb3-41d1-975f-2a1e9301ac94","scsi0:11","0.09","22.47","33.63","13126.6","113.88","11696","2.85","41.07","0.01","2.67",,,,,"0.27","22.87"
"vra-jtcvr","732da37b-1bb3-41d1-975f-2a1e9301ac94","scsi0:2","0.02","13.33","9.88","7185.93","456.11","56522.46","0.15","3.2","0","0.47",,,,,"26.92","193.73"
"vra-jtcvr","732da37b-1bb3-41d1-975f-2a1e9301ac94","scsi0:3",,,,,"2.38","18.47","0.34","9.6",,,,,,,"0.44","4.73"
"vra-jtcvr","732da37b-1bb3-41d1-975f-2a1e9301ac94","scsi0:4",,,,,"26.57","229.47","1.19","9.93",,,,,,,"0.02","0.53"
"vra-jtcvr","732da37b-1bb3-41d1-975f-2a1e9301ac94","scsi0:5","0","0.47","0.02","2.87","98.79","237.87","1.33","5.2","0","0.07",,,,,"1.64","6.73"
"vra-jtcvr","732da37b-1bb3-41d1-975f-2a1e9301ac94","scsi0:6","0","0.4","0.01","3.53","109.71","265.8","1.37","8.07","0","0.07",,,,,"2.07","10.27"
"vra-jtcvr","732da37b-1bb3-41d1-975f-2a1e9301ac94","scsi0:8",,,,,,,"0","0.2",,,,,,,,
"vra-jtcvr","732da37b-1bb3-41d1-975f-2a1e9301ac94","scsi0:9",,,"0","0.2","1057.53","1856.47","0.63","11.4",,,,,,,"384.7","611.13"
"vSAN File Service Node (1)","265e3f1c-ee37-43b1-8697-c319a312ee3d","Aggregate of all instances","0.13","37.15",,,,,"0.34","3.53","0","1.07","0.36","47.38",,,"0.24","10.23"
"vSAN File Service Node (1)","265e3f1c-ee37-43b1-8697-c319a312ee3d","scsi0:0","0.12","33.46","5.03","1382.46","8.16","479.54","0.42","3.53","0.01","1.07",,,,,"0.21","10.23"
"vSAN File Service Node (1)","265e3f1c-ee37-43b1-8697-c319a312ee3d","scsi0:1","0.01","2.38","0.99","314.92",,,,,,,,,,,,
"vSAN File Service Node (1)","265e3f1c-ee37-43b1-8697-c319a312ee3d","scsi0:2","0","1.31","0.09","28.46","4.25","4.67","0.45","4.33","0","1",,,,,"0.02","0.2"
"wd-edge01","676046ac-5f30-47ae-aebd-db44bd6d4175","Aggregate of all instances","0.04","79.73",,,,,"3.04","3402","0","3.93","57.12","201.93",,,"57.12","122.2"
"wd-edge01","676046ac-5f30-47ae-aebd-db44bd6d4175","scsi0:0","0.04","79.73","1.66","4179.67","658.62","16956.07","3.04","3402","0","3.93",,,,,"57.12","122.2"
"wd-edge02","712ef2b8-f746-4185-b681-bf05bbba06ca","Aggregate of all instances","0.04","89.79",,,,,"1.63","68.43","0","0.29","65.57","224.79",,,"65.57","135"
"wd-edge02","712ef2b8-f746-4185-b681-bf05bbba06ca","scsi0:0","0.04","89.79","1.52","4861.57","734.25","21574","1.63","68.43","0","0.8",,,,,"65.57","135"
"wd-edge03","1a730c8b-a10d-49ad-8c1c-0885f9ecd008","Aggregate of all instances","0.98","363.67",,,,,"1.74","27.07","0.06","11.73","53.18","723.17",,,"52.78","359.5"
"wd-edge03","1a730c8b-a10d-49ad-8c1c-0885f9ecd008","scsi0:0","0.98","363.67","25.83","25684.75","610.27","94631","1.74","27.07","0.14","11.73",,,,,"52.79","359.5"
"wd-nsx02","657ed125-f99a-49ac-877d-d30bff98797a","Aggregate of all instances","2","873.13",,,,,"0.58","20.22","0.03","1.6","164.37","1130.13",,,"162.58","394.8"
"wd-nsx02","657ed125-f99a-49ac-877d-d30bff98797a","scsi0:0","1.94","872.47","113.77","48902.4","1328.17","43673.64","0.56","20.53","0.03","1.6",,,,,"146.81","343.27"
"wd-nsx02","657ed125-f99a-49ac-877d-d30bff98797a","scsi0:1","0.06","27.43","1.47","960.29","188.77","2376.53","0.88","9.87","0.01","1.07",,,,,"15.77","131.4"
"wd-nsx03","25da8bb5-b747-4a63-9dfd-cdc1ef781bfe","Aggregate of all instances","2.44","527.43",,,,,"0.56","205.03","0.02","1.8","169.85","737.5",,,"167.41","374.33"
"wd-nsx03","25da8bb5-b747-4a63-9dfd-cdc1ef781bfe","scsi0:0","2.39","504.29","274.71","48092.33","1388.08","37165.93","0.55","208.87","0.03","2.8",,,,,"151.1","367.93"
"wd-nsx03","25da8bb5-b747-4a63-9dfd-cdc1ef781bfe","scsi0:1","0.05","45.71","1.3","1875.5","196.96","1367.43","0.94","11.33","0.02","1.13",,,,,"16.31","74.73"
"wd-vc01","2586f1ce-29c6-432f-bb97-60b7b8a4dce5","Aggregate of all instances","1.91","282.67",,,,,"1.54","1035.84","0.04","4.01","25.68","562.13",,,"23.77","316.07"
"wd-vc01","2586f1ce-29c6-432f-bb97-60b7b8a4dce5","scsi0:0","0.54","280.4","36.71","12248.93","531.75","39689.67","1.05","7.92","0.03","0.8",,,,,"12.75","197.27"
"wd-vc01","2586f1ce-29c6-432f-bb97-60b7b8a4dce5","scsi0:1","0.07","194.27","9.26","24797.87",,,,,"0","0.31",,,,,,
"wd-vc01","2586f1ce-29c6-432f-bb97-60b7b8a4dce5","scsi0:10","0.06","0.11","12.7","22.44","0","0.4","0","1.2","0.01","0.27",,,,,,
"wd-vc01","2586f1ce-29c6-432f-bb97-60b7b8a4dce5","scsi0:11","0.06","0.11","12.7","22.44","0","0.47","0","0.33","0.06","0.27",,,,,,
"wd-vc01","2586f1ce-29c6-432f-bb97-60b7b8a4dce5","scsi0:12","0.12","30.47","15.4","1511.8","7.95","3845.6","0.02","12.14","0.03","0.27",,,,,"0.01","7.87"
"wd-vc01","2586f1ce-29c6-432f-bb97-60b7b8a4dce5","scsi0:13","0.06","0.11","12.7","22.44","5.85","3996.93","0.38","9.53","0.05","0.27",,,,,"0.01","8.4"
"wd-vc01","2586f1ce-29c6-432f-bb97-60b7b8a4dce5","scsi0:14","0.06","0.8","12.7","35.67","2.99","7199.53","0.01","3.15","0.07","11.93",,,,,"0.01","14.93"
"wd-vc01","2586f1ce-29c6-432f-bb97-60b7b8a4dce5","scsi0:15","0.06","0.11","12.7","22.44","3.84","10319.8","0","3.62","0.07","11.87",,,,,"0.01","21.07"
"wd-vc01","2586f1ce-29c6-432f-bb97-60b7b8a4dce5","scsi0:2","0.39","54.33","28.54","491.67","5.59","795.47","0.08","3.93","0.01","3.13",,,,,"0.06","12.13"
"wd-vc01","2586f1ce-29c6-432f-bb97-60b7b8a4dce5","scsi0:3","0.06","0.11","12.7","22.44","20.35","46142.46","0.01","6.4","0.05","0.33",,,,,"0.03","78.27"
"wd-vc01","2586f1ce-29c6-432f-bb97-60b7b8a4dce5","scsi0:4","0.13","9.87","15.61","490.87","472.32","1613.67","2.72","2959","0.05","6.47",,,,,"7.63","11.07"
"wd-vc01","2586f1ce-29c6-432f-bb97-60b7b8a4dce5","scsi0:5","0.07","6.8","12.92","137.73","15.13","1663.2","0.5","10.2","0.06","7.67",,,,,"1.04","145.47"
"wd-vc01","2586f1ce-29c6-432f-bb97-60b7b8a4dce5","scsi0:6","0.06","0.11","12.7","22.44","28.24","1169","0.39","5.93","0.04","0.33",,,,,"1.92","48.2"
"wd-vc01","2586f1ce-29c6-432f-bb97-60b7b8a4dce5","scsi0:8","0.07","2.4","12.82","120.6","9.69","9621.2","0.39","16.07","0.06","0.53",,,,,"0.3","37.6"
"wd-vc01","2586f1ce-29c6-432f-bb97-60b7b8a4dce5","scsi0:9","0.06","0.11","12.7","22.44","0.11","301.47","0","2","0.04","17.6",,,,,"0","0.87"
"wd-vks01-cgcrk-txwph","826df284-28a9-4e06-8781-830ad84dbb6e","Aggregate of all instances","0.11","2.47",,,,,"1.59","11.71","0.21","4.93","19","86",,,"18.89","83.53"
"wd-vks01-cgcrk-txwph","826df284-28a9-4e06-8781-830ad84dbb6e","scsi0:0","0.11","2.47","129.78","2984.47","580.62","11549.73","1.59","11.71","0.22","4.93",,,,,"18.89","83.53"
"wd-vks01-node-pool-1-jkbbf-tqgjf-p7phk","374a7b61-71ff-4811-907a-d40fe56c0fd6","Aggregate of all instances",,,,,,,"0.3","1.4",,,"0.29","5.67",,,"0.29","5.67"
"wd-vks01-node-pool-1-jkbbf-tqgjf-p7phk","374a7b61-71ff-4811-907a-d40fe56c0fd6","scsi0:0",,,"0.03","0.47","37.91","812.87","1.06","2.2",,,,,,,"0.29","5.67"
"wsn-vyos","5a756a78-99ca-4908-845a-268261c5f85d","Aggregate of all instances","0.01","31.33",,,,,"0.2","12.13","0","0.4","0.47","40.33",,,"0.46","9"
"wsn-vyos","5a756a78-99ca-4908-845a-268261c5f85d","scsi0:0","0.01","31.33","0.36","1091","2.99","136","0.26","12.13","0","0.4",,,,,"0.46","9"
"yr-dns","060cc416-2230-4d4c-815d-0a1647bd8d51","Aggregate of all instances","4.06","20.2",,,,,"1.25","8.2","0.03","0.2","7.71","43.27",,,"3.65","25.4"
"yr-dns","060cc416-2230-4d4c-815d-0a1647bd8d51","scsi0:0","4.06","20.2","163.07","1016.13","1439.75","9406.87","1.25","8.2","0.03","0.2",,,,,"3.65","25.4"
"yr-esxi01","6447b7fb-2065-483e-a419-df610ca337f3","Aggregate of all instances","6.78","92.5",,,,,"0.07","0.2","0.01","0.15","11.38","127.57",,,"4.59","35.07"
"yr-esxi01","6447b7fb-2065-483e-a419-df610ca337f3","Hard disk 1",,,,,,,,,,,,,,,,
"yr-esxi01","6447b7fb-2065-483e-a419-df610ca337f3","Hard disk 2",,,,,,,,,,,,,,,,
"yr-esxi01","6447b7fb-2065-483e-a419-df610ca337f3","Hard disk 3",,,,,,,,,,,,,,,,
"yr-esxi01","6447b7fb-2065-483e-a419-df610ca337f3","Hard disk 4",,,,,,,,,,,,,,,,
"yr-esxi01","6447b7fb-2065-483e-a419-df610ca337f3","nvme0:0","6.76","92.29","97.94","1345.43","204.5","3339.14","0.07","0.2","0.01","0.15",,,,,"4.59","35.07"
"yr-esxi01","6447b7fb-2065-483e-a419-df610ca337f3","nvme0:1","0.01","0.07",,,,,,,,,,,,,,
"yr-esxi01","6447b7fb-2065-483e-a419-df610ca337f3","nvme0:2","0.01","0.07",,,,,,,,,,,,,,
"yr-esxi01","6447b7fb-2065-483e-a419-df610ca337f3","nvme0:3","0.01","0.07",,,,,,,,,,,,,,
"yr-esxi02","3a551c8d-1dd6-453a-8e77-c4a8d9ddb9ab","Aggregate of all instances","6.98","96.43",,,,,"0.81","1.07","0.1","0.53","11.89","150.43",,,"4.91","54"
"yr-esxi02","3a551c8d-1dd6-453a-8e77-c4a8d9ddb9ab","Hard disk 1",,,,,,,,,,,,,,,,
"yr-esxi02","3a551c8d-1dd6-453a-8e77-c4a8d9ddb9ab","Hard disk 2",,,,,,,,,,,,,,,,
"yr-esxi02","3a551c8d-1dd6-453a-8e77-c4a8d9ddb9ab","Hard disk 3",,,,,,,,,,,,,,,,
"yr-esxi02","3a551c8d-1dd6-453a-8e77-c4a8d9ddb9ab","Hard disk 4",,,,,,,,,,,,,,,,
"yr-esxi02","3a551c8d-1dd6-453a-8e77-c4a8d9ddb9ab","nvme0:0","6.95","96.21","103.23","1469.57","224.17","4008.29","0.81","1.07","0.1","0.53",,,,,"4.91","54"
"yr-esxi02","3a551c8d-1dd6-453a-8e77-c4a8d9ddb9ab","nvme0:1","0.01","0.17",,,,,,,,,,,,,,
"yr-esxi02","3a551c8d-1dd6-453a-8e77-c4a8d9ddb9ab","nvme0:2","0.01","0.17",,,,,,,,,,,,,,
"yr-esxi02","3a551c8d-1dd6-453a-8e77-c4a8d9ddb9ab","nvme0:3","0.01","0.17",,,,,,,,,,,,,,
"yr-esxi03","7b173cc0-bc5b-4e8a-86a1-37cb85ef2784","Aggregate of all instances",,,,,,,,,,,,,,,,
"yr-esxi03","7b173cc0-bc5b-4e8a-86a1-37cb85ef2784","Hard disk 1",,,,,,,,,,,,,,,,
"yr-esxi03","7b173cc0-bc5b-4e8a-86a1-37cb85ef2784","Hard disk 2",,,,,,,,,,,,,,,,
"yr-esxi03","7b173cc0-bc5b-4e8a-86a1-37cb85ef2784","Hard disk 3",,,,,,,,,,,,,,,,
"yr-esxi03","7b173cc0-bc5b-4e8a-86a1-37cb85ef2784","Hard disk 4",,,,,,,,,,,,,,,,
"yr-esxi03","7b173cc0-bc5b-4e8a-86a1-37cb85ef2784","nvme0:0",,,,,,,,,,,,,,,,
"yr-esxi03","7b173cc0-bc5b-4e8a-86a1-37cb85ef2784","nvme0:1",,,,,,,,,,,,,,,,
"yr-esxi03","7b173cc0-bc5b-4e8a-86a1-37cb85ef2784","nvme0:2",,,,,,,,,,,,,,,,
"yr-esxi03","7b173cc0-bc5b-4e8a-86a1-37cb85ef2784","nvme0:3",,,,,,,,,,,,,,,,
"YR-ESXi-7-Temp","1b637d26-bc06-49ea-87b0-8cf81a97e7d0","Aggregate of all instances",,,,,,,,,,,,,,,,
"YR-ESXi-7-Temp","1b637d26-bc06-49ea-87b0-8cf81a97e7d0","scsi0:0",,,,,,,,,,,,,,,,
