"VMName","ResourceId","CPU_Pct_Avg","CPU_Pct_Peak","CPU_MHz_Avg","CPU_MHz_Peak","Net_KBps_Avg","Net_KBps_Peak","CPU_ReadyPct_Avg","CPU_ReadyPct_Peak","VD_WriteThroughput_KBps_Avg","VD_WriteThroughput_KBps_Peak","Mem_Swapped_KB_Avg","Mem_Swapped_KB_Peak","VD_ReadThroughput_KBps_Avg","VD_ReadThroughput_KBps_Peak","Disk_KBps_Avg","Disk_KBps_Peak","Mem_Active_KB_Avg","Mem_Active_KB_Peak","Mem_Consumed_KB_Avg","Mem_Consumed_KB_Peak","Mem_Pct_Avg","Mem_Pct_Peak","GuestFS_UsagePct_Avg","GuestFS_UsagePct_Peak","Net_DroppedRx_Total","Net_DroppedTx_Total"
"avi-controller","18f47902-98f5-4884-a71e-2d93d1dfc945",,,,,"0","0",,,,,,,,,,,,,,,,,,,,
"broadcom-jumphost","673ffff6-b5ff-473f-a818-fbcfa2e87a62","1.55","16.81","61.47","670.4","1.13","795.8","0.11","0.35","6.89","4250.93","0","0","0.1","397.47",,,"162013.59","1459616.25","5066405.56","5131857","15.83","16.4","20.45","21.13","0","0"
"depot","1dbdad8a-14a4-483e-97f9-2e7c0a009d7e","0.09","1.25","40.61","561.87","0.53","511.27","0.01","0.03","6.17","4621.87","0","0","0.12","495.13","5","1271.67","338643.22","1901416","33539054.25","33543540","9.77","9.85","30.86","30.89","0","0"
"depot","7669e4c3-b233-4320-884e-a3e818a5e419","1.02","39.69","40.26","1583.73","120610.06","732506.38","0.04","0.14","480.43","120384.73",,,"82.86","90266.8",,,"90634.69","2812977.25","4182675.69","4182888","34.35","36.31","25.06","97.38","971",
"dns_tmp","761ea968-8676-48df-ae90-62355dcd8776",,,,,,,,,,,,,,,,,,,,,,,,,,
"dns01","c284a119-95e9-4284-97c0-31c3e51c0c86","1.01","11.38","80.28","908.27","2.1","2574.6","0.1","0.48","24.78","7984.13","4584.89","4764","1.8","1861.47",,,"416227.66","3881127.5","7635493.82","8333922.5","33.05","46.1","16.59","18.31","1","0"
"epa-ubuntu24","36d617de-d8a0-4ee3-a147-304c6370ff28",,,,,"0","0",,,,,,,,,,,,,,,,,,,,
"fleet","22fbcc6b-b9d4-41c4-876b-5f13d1a0e9cf","9.94","35.53","1113.11","3978.8","0.09","52.4","0.05","0.32","134.49","844.5",,,"9.36","10175.07",,,"2287800.75","2287800.75","12565811.96","12566528","53.05","53.77","39.5","39.5",,"0"
"harbor","ce989072-ffce-4a3d-8a27-592e2099441d","1.55","33.25","123.96","2654.13","11.83","11271.53","0.07","0.83","44.38","31896.8",,,"17.37","22024.33",,,"402512.21","5804914.5","7768708.09","8283621.5","25.8","27.3","35.32","36.95","0",
"hkmg-dns-127.X","124470de-91d2-47c0-b241-b14c0ebed279","1.83","3.27","72.6","130","446.94","3112.53","0.1","0.2","3.85","17.53",,,"0.06","92.27",,,"258588.68","587200","8372111.98","8372140","39.08","40.1","40.6","43.92","56",
"hkmg-dns-ntp-128.x","341e8d03-549c-4da7-92e4-daa420f16519","1.65","122.07","32.33","2415.36","1.97","364.2","0.05","0.1","10.11","5866.93",,,"3.02","2261.73","291.7","8566.8","45459.99","1669331.5","2094603.87","2096188","36.85","79.59","16.23","16.25","1",
"hkmg-iscsi","edac3cce-288e-47d9-aa5f-91084ab17ac6","0.53","15.96","84.92","2548.5","2702.05","208909.73","0.03","0.42","1801.46","201853.14",,,"1427.59","154488.2","145.97","47448.33","646884.1","14193522","16508175.71","16593020","12.94","75","13.51","36.3","0","0"
"hkmg-nfs","03ab170e-a7ba-48d9-84c6-f909440c2ec6","1.55","25.32","248.46","4042.4","16441.22","636471.31","0.14","1.86","4405.89","229500.14",,,"2040.58","219286.2",,,"1806900.6","15815319","16408570.66","16595076","13.08","14.36","11.68","17.92","0","0"
"hkmg-nfs-esx01-128.x_noDNS","cbe37a9b-063c-492c-94d6-4c38c67046a4","1.46","10.38","797.93","6629.47","1392.28","189463.94","0.09","0.54","20.49","229.47",,,"60.58","1230.5",,,"4582008.45","194526224","7491178.18","26911852","4.6","19.02",,,"19",
"hkmg-nfs-esx01-128.x_noDNS_upgrade_before","1ef1db9d-9aca-46bd-a1ac-1a48d0ae3b97",,,,,,,,,,,,,,,,,,,,,,,,,,
"hkmg-nfs-esx02-128.x_noDNS","2b72d8ee-1e82-4b6a-96c7-2354fddfb493","1.43","8.96","751.94","5723.67","6344.39","375406.12","0.11","0.66","425.23","45858.87","232243.52","4898176","63.29","2118.2",,,"4449268.18","194423968","5664597.07","21481046","4.01","15.15",,,"42557","2"
"hkmg-nfs-esx02-128.x_noDNS_upgrade_before","1809c98c-d657-4155-bda2-67c77937e227",,,,,,,,,,,,,,,,,,,,,,,,,,
"hkmg-nfs-esx03-128.x_noDNS","9ca4e8f4-fb53-4033-81aa-5a9cb9da8120","0.38","1.97","181.88","946.67","333.6","62109.54","0.05","0.08","8.02","174.89",,,"20.05","732.78",,,"2825244.48","125829120","3639991.18","3642428","2.91","2.92",,,"14",
"hkmg-nfs-esx04-128.x_noDNS","4aeca587-012a-4d3d-a3e2-6517de978f90","0.48","2.82","231.67","1351.78","2.92","47","0.05","0.08","16.55","184.22",,,"42.33","722.67",,,"2830806","125829120","3721332.13","3736632","2.96","2.97",,,"14",
"HKMG-TEST1-ESX01_NoDNS_upgrade_before","d94c945e-f04f-4bb2-9c01-063a2d1c25ec",,,,,,,,,,,,,,,,,,,,,,,,,,
"HKMG-TEST1-ESX02_NoDNS_upgrade_before","bb68f9ce-b263-448e-9666-094babb9b6bd",,,,,,,,,,,,,,,,,,,,,,,,,,
"HKMG-TEST1-ESX03_NoDNS_upgrade_before","fab4cc7a-3e70-4244-a28c-38b8fb9bf72c",,,,,,,,,,,,,,,,,,,,,,,,,,
"HKMG-TEST1-ESX04_NoDNS_upgrade_before","9f28db93-f936-4a6b-9199-21a361b49952",,,,,,,,,,,,,,,,,,,,,,,,,,
"hkmg-test1-nfs-esx01-128.x","45ce3fbc-e3e7-4fa9-b9af-2d331435dd27","2.15","15.04","1033.62","7202.87","9233.89","268020.88","0.07","0.24","317.4","73244.4",,,"184.89","4112.07",,,"3759805.99","19237872","36056350.01","42085424","10.94","16.42",,,"239990",
"hkmg-test1-nfs-esx02-128.x","144e2796-2b33-4540-981d-170ae3c55033","2.07","5.91","993.31","2833.33","5802.62","243073.8","0.07","0.24","90.72","4664",,,"179.39","2987.29",,,"3552690.72","12638836","23589804.27","27257904","11.32","16.36",,,"389831","0"
"hkmg-test1-nfs-esx03-128.x","4fe3472b-0bf1-4b49-b985-65da46c991e8","1.6","16.16","766.49","7742.07","10089.98","859259.56","0.06","0.69","188.42","48370.33",,,"166.93","2408.07",,,"2840819.74","15658733","31094347.05","36527168","12.48","13.24",,,"191","0"
"hkmg-test1-nfs-esx04-128.x","9d58df44-4b3e-4213-a475-6e66a9a153b3","1.29","21.3","619.32","10201.13","28118.05","1272941.25","0.07","0.3","304.68","135841.53",,,"298.7","49477.87",,,"2550616.22","20580050","31073392.16","38206528","6.26","24.13",,,"3564",
"hkmg-test3-vvf-dns","28b0bb9d-4ee1-446a-ab4e-06cf2f8b1447","1.18","70.12","46.84","2797.67","0.89","4.27","0.07","0.27","53.03","18777.6",,,"4.77","1815.2","40.95","17612.53","75623.15","3196059.25","3990521.57","4166361.5","30.13","76.2","89.12","90.22","0",
"hkmg-test3-vvf-test-esx01_nodns","759cede3-2875-4e6a-8ef7-c0ff5c73e6cb","1.98","10.11","2530.81","12911.2","562818.88","5931182.5","0.09","0.35","669.86","149942.2",,,"463.88","205965.53","903.64","6325.5","8317947.77","201326592","56540203.57","152095568","16.06","75",,,"2689368","3"
"hkmg-test3-vvf-test-esx02_nodns","bfb0d083-5a65-4789-acba-f796f16d47e0","1.68","16.57","2150.26","21161.67","10012.02","413368.59","0.08","0.34","84.28","3163.57",,,"139.76","1385.14","1043.28","8346.25","6095271.49","201326592","53260324.92","152060736","8.63","75",,,"889","0"
"hkmg-vc01-esx01","ae922cb1-c22f-4868-a487-423cc88ea52f","4.56","36.79","1552.3","14131.93","13823.72","910318.38","0.12","2.21","1342.03","135754.94","0","0","856.52","136997.14","0","0","5270147.89","136767872","26273450.16","120281792","40.07","93.14",,,"82048","0"
"hkmg-vc01-esx02","1541f4ed-bbbb-40ee-be4d-19b401d8deb8","3.02","43.7","1031.13","13952.53","9966.81","1144499.5","0.08","1.06","1867.87","133646.94","0","0","1290.04","204486.2","358.44","11850.33","2598944.33","150994944","17120094.16","116943952","15.35","141.42",,,"110690","0"
"hkmg-vc01-esx03","367657e5-258d-4ea6-8548-ea589e443c97","8.97","43.07","3056.24","13750.73","7720.79","1144416.88","0.31","0.99","4837.54","66309",,,"4286.14","195668.41","106.88","2992.64","8610548.45","144149840","45140986.22","65918360","40.18","75",,,"76316","0"
"hkmg-vc01-esx04","9f70eb0e-c413-4e3e-84d4-e12a3cf5a8c2","10.88","45.75","3475.14","14604.87","12623.86","910350.81","0.33","1.53","4214.99","78796.8",,,"2581.66","49736.4",,,"7242270.32","75497472","64087799.09","100684864","39.32","78.51",,,"364524","0"
"hkmg-vc03-esx05","f3b73f94-33fd-47d4-a4f8-6521795ff04c",,,,,"0","0",,,,,,,,,,,,,,,,,,,,
"hkmg-vc03-esx06","bde0853c-22ec-44d8-a2b0-30837a7c4beb",,,,,"0","0",,,,,,,,,,,,,,,,,,,,
"hkmg-vcf-depot","fe21bcab-7b04-47cb-93ec-ad7a51c29f25","1.89","64.66","75.15","2580.07","942.64","180212.53","0.05","0.32","695.89","96463.66",,,"1861","350893.41","54.07","3065.6","135212.09","2930418.25","4180506.66","4182412","33","63.19","50.27","50.82","0",
"HKMG-VCF-DEPOT","7c1bf882-cc18-4f05-84e3-9b24bb8d579c","29.96","48.36","1195.44","1929.53","1121.07","3330.67","0.05","0.06","6596.62","15236.87",,,"1109.8","2676.2","4097.36","11616.57","3353577.75","3637857.5","3804149.75","4178708","31.06","35.78","6.02","6.03","1",
"HKMG-VCF-DEPOT","1d7b7a70-4217-42bd-ad00-cd54db55d907","7.02","65.89","280.11","2629.2","62.74","1581.47","0.03","0.06","1280.32","17274.33",,,"192.11","2899.13","34.55","1116.13","526242.8","3523213.5","4157960.16","4178704","23.81","43.02","6.1","6.15",,
"HKMG-VCF-Depot","8761aa6f-8e5b-4a32-a66a-290c208198a6","0.73","37.87","57.86","3022.6","5.15","1646.67","0.03","0.18","229.73","39989.54",,,"14.2","1122.13","163.28","42479.67","211411.83","6520742.5","8086418.71","8206656","18.09","75","25.39","36.29",,
"hkmg-vcf-installer","08092222-0342-4a22-b5cc-60634a4b331e","2.94","18.33","234.86","1463.07","1428.79","38006.2","0.09","0.76","89.07","2561.8","198762.17","3087932.25","424.96","30708.47",,,"1927677.5","11945375","15468764.39","16759452","45.27","99.99","13.03","13.05","6","0"
"hkmg-vcf-test-vsan-esx01-127.X","c765aa7b-7284-41d1-b0e2-cc19c3bd572a","12.68","34.96","6073.46","16745.73","1829641.06","14029060","0.36","1.57","6980.08","116612",,,"1152.47","71593.2",,,"12079087.21","40489012","83888526.17","102165536","46.09","55.87",,,"82733182","32"
"hkmg-vcf-test-vsan-esx02-127.X","90e396f9-fe94-4e04-8596-c57f64e39c17","20.01","38.19","9584.25","18291.13","22322.34","832038.31","0.68","2.23","3789.74","101796.66",,,"1299.72","19872.87",,,"18016302.26","29416052","72951876.42","77653032","49.83","52.12",,,"783178","2"
"hkmg-vcf-test-vsan-esx03-127.X","6f205737-0a39-4875-9a74-0932e51d4a78","12.66","23.12","6064.09","11071.4","32845.29","1288528.5","0.55","2.16","5560.78","113447.8","3729979.39","43332908","1361.54","38980.8",,,"11627133.91","44851088","70357089.44","83120672","52.57","57.14",,,"605877318","60"
"hkmg-vcf-test-vsan-esx04-127.X","3f3890d2-1b87-4653-a276-d2a99a37670e","11.27","27.09","5396.9","12973.87","32813.86","1288531.75","0.45","1.64","5193.39","124858.73","6889730.03","48579288","1268.12","39441.07",,,"9844656.26","39929772","63980386.64","74732592","39.48","52.59",,,"611363619","42"
"hkmg-vvf-test-esx01_noDNS","e6030e5e-00b6-49cf-b138-20bc2636eba3","1.86","4.3","1187.65","2745.07","3161.64","28024.6","0.09","0.33","24950.09","104974.2",,,"3082.52","25131.8",,,"20108253.39","131175456","15460867.95","27470960","7.68","11.72",,,"4",
"hkmg-vvf-test-esx02_noDNS","3682b082-b845-4839-b201-3ed0dd07e82d","1.43","4.16","918.32","2656.27","14116.65","39222.93","0.12","0.34","11063.62","86021.73",,,"1307.93","10040.73",,,"17537780.68","131712328","12180102.09","18080820","6.69","10.99",,,"6",
"hkmg-vvf-test-nfs-esx01-128.X","847f7de7-2d7d-4fc9-b8f3-128c1c2a0c48","3.45","19.53","2482.96","14034","13162.9","541691.75","0.1","0.46","1096.14","113258",,,"886.85","85585.47","67.17","2216.57","8362060.31","198105360","45323336.99","96764984","10.05","73.8",,,"42","0"
"hkmg-vvf-test-nfs-esx02-128.X","11ea8c06-ac21-4568-bb68-c3cf4234fb32","4.07","15.32","2926.41","11006.27","25694.75","791590.69","0.14","0.4","89.97","4053.47",,,"145.61","3770",,,"9355437.21","82857072","70326436.87","90023552","14.69","22.62",,,"2936","18"
"HMGDNSNTP","43a6a000-b579-4ce4-a8cb-97af91c0f069","2.15","65.11","85.32","2597.8","6.22","7228.64","0.13","0.43","19.58","30447.27","0","0","8.01","9920.5","0","0.2","314373.94","4152360","4016968.38","4175710.75","50.22","90.72","18.13","18.86","4909587","0"
"kdw-depot","42359287-f321-4286-822f-062a1c32e3ce","0.23","14.45","37.37","2306.33","218.08","157933.47","0.03","0.46","48.2","49634.6","2836.74","38896","133.59","154562.27",,,"113824.65","7119130.5","7942174.19","8373064","15.81","26.46","61.94","62.29","11165707","0"
"kdw-wd-jumphost","e5bf6911-90d8-4ea6-b012-69df235c521f","1.15","17.23","91.35","1375","427.84","478052.41","0.07","1.06","27.82","9871.47","1397.44","9648","9.83","15252.67",,,"211208.51","5357523","8195787.06","8279563.5","26.34","67.62","37.03","40.96","7845663","351"
"khj_dns","3609bed4-fe09-4862-9438-11fa33f25aad",,,,,,,,,,,,,,,,,,,,,,,,,,
"md-edge01","551e97a2-5557-478e-aefd-1e7d49a7f61b","12.68","38.77","1419.87","4342.47","15.74","7848","0.37","0.94","653.64","89094.34","0","0","41.6","29054.08",,,"1283787.54","6587853","8236482.99","8237056","86.11","90.78","12.51","12.74","68","4"
"md-edge02","4577543f-bfaa-4250-9d8e-f22c94fe666c","12.84","38.67","1437.75","4331.67","35.53","7810.87","0.37","0.9","654.15","51798.25","0","0","33.26","13091.5",,,"1316571.42","6593444.5","8236928.66","8237056","85.84","91.88","12.51","13.82","74","0"
"md-nsx01","e38124eb-8b76-499c-90a5-fefa359cd234","18.45","68.35","3099.2","11482.93","744.42","19804.53","0.25","0.72","1561.99","39331.4","0","0","190.5","64477.46",,,"11099992.27","21843932","25163313.05","25165824","83.73","90.07","15.97","18.02","1","0"
"md-nsx02","720822c3-4785-4661-9aac-734465eb07ef","22.49","78.87","3778.32","13250.73","896.22","36806.73","0.24","0.9","1574.39","46673.57","0","0","111.2","50463.27",,,"11874825","21491612","25163285.07","25165824","85.54","92.86","16.76","17.92","188","0"
"md-nsx03","ef914db9-98f3-436f-9ad9-e3804d17ea24","16.64","89.51","2796.14","15037.6","631.71","19915.4","0.13","0.63","1491.45","44739.93","0","0","179.63","64418.6",,,"10710154.77","19981662","25164264.85","25165824","83.33","90.31","15.89","17.86","204","0"
"md-vc01","23c5232e-f3a7-4b45-9033-2a53c42dda14","10.03","112.99","1123.9","12655.2","311.36","70286.8","0.21","0.58","447.81","92177","0","0","664.5","40268.14",,,"5034066.36","18144556","22008524.09","22009856","62.23","74.28","10.27","11.47","0","0"
"nc-dns","df2e9cc6-36bf-4b1d-9fd4-7a3fdb0acc5f","2.7","66.31","107.45","2645.67","2.46","1814.27","0.13","0.84","54.32","16099.13","469.58","1108","78.79","13840",,,"655072.13","3402976.25","4136473.64","4181528","57.91","78.13","26.55","28.22","0","0"
"nc-esxi01","85567bed-8f33-4f83-b093-3271bb656e77","26.28","52.22","33561.91","66692.34","1014949.46","3874553.75","3.38","15.3","15212.8","172842.41","0","0","4888.11","132008",,,"36225153.28","201326592","190972482.35","219098560","74.04","92.46",,,"112762802","10486"
"nc-esxi01","f82d8901-b4b9-4b60-829c-b87fe7ea7284","13.56","33.13","17319.21","42308.2","486569.41","2762504.75","0.4","1.81","12660.03","172584.67",,,"4975.47","307698.19",,,"22190993.03","53687088","144851122.55","167282720","60.01","67.01",,,"168825190977","1068535"
"nc-esxi02","9eef5759-cab9-4def-9dee-14f7eb7e2ad8","15.91","36.52","20320.72","46638.07","554175.48","3559742","0.41","1.51","17394.46","209072.2",,,"4545.78","200015.67",,,"23195558.13","82141248","157532055.92","198656256","63.37","76.29",,,"3983966424","11596"
"nc-esxi02","a9c869fe-fd3d-4a5e-80f7-7692aa8ae248","20.61","45.16","26327.82","57679.73","1016787.55","3694082.25","2.97","13.5","17021","90875.66","0","0","4536.62","50367.27",,,"32140888.98","201326592","152765648.5","177108016","64.5","75",,,"68361209","6694"
"nc-esxi03","f49c9e4f-4a5a-47e0-91c6-4777064458c1","16.12","47.26","20593.31","60355.87","467197.05","4005064.75","0.86","2.4","12647.64","98548.47","0","0","4645.7","79818",,,"26925322.33","201326592","144589623.16","154677632","77.88","80.63",,,"75224285","19567"
"nc-esxi03","098cf99a-66a8-4aa4-8b78-d62fd78e3787","13.77","31.41","17585.09","40114.07","570543.85","3322884.25","0.65","3.02","13368.47","111233","5844856.55","68368968","3502.78","44551.33",,,"26533500.56","142270784","155773003.5","187699136","68.13","81.07",,,"7189039270","5333"
"nc-esxi04","80567138-c0ae-46cf-b199-2fceae735681","20.24","54.45","25853.62","69537.53","579606.52","3742818.75","0.74","2.29","17054.8","131672.73",,,"2805.16","45203.2",,,"32896698.83","53508132","177973243.65","204025168","70.96","82.3",,,"2940243703","3740"
"nc-esxi04","8a652036-edb9-4148-9bbb-1d1d12a2cdab","14.1","24.94","18009.01","31846.13","411710.14","3562886.25","0.69","1.76","23982.72","143495.2","0","0","6783.96","65549.13",,,"24070867.81","201326592","141847227.6","166085152","70.85","75",,,"736264758","14180"
"nc-nfs","a6298c56-96bf-47ab-9619-7e0e443ad1d6","0.39","5.21","31.22","415.87","0.4","656.67","0.04","0.16","6.32","4567.07","0","0","0.12","364.87",,,"92158.57","2477433.75","5094415.78","5751526","15.66","25.29","1.6","1.65","0","0"
"nsx-alb-con-node0","af826477-cadb-4602-8148-30c55d5f6bfb","3.07","21.26","515.82","3571.47","45.08","19301","0.1","0.39","112.36","26095.14","0","0","0.9","3097.71",,,"3345392.65","16844324","33552875.85","33554432","70.52","80.35","15.99","16.47","462","0"
"nsx-alb-con-node1","cda1801d-93ca-413f-9abb-7d88173de006","4.58","43.55","769.46","7317.27","75.92","50694.8","0.1","0.32","142.36","59610.8","0","0","5.56","18517",,,"4584087.5","22302512","33552875.85","33554432","80.57","84.1","16.88","17.55","23032","0"
"nsx-alb-con-node2","62bcdff8-4013-4b5d-9c4b-366f4d4b422d","2.96","20.64","496.89","3467.73","40.33","19317","0.07","0.24","120.87","29385.86","0","0","0.6","2403.87",,,"3214207.11","16575887","33550541.63","33554432","68.66","77.21","15.32","15.55","2757","0"
"SHJ-Centos","f9a3ca07-4104-4ae5-8d03-a97850613359",,,,,"0","0",,,,,,,,,,,,,,,,,"4.17","4.17",,
"ssk-esxi","d239178c-2872-4337-af02-06cf446de23d",,,,,"0","0",,,,,,,,,,,,,,,,,,,,
"ssk-esxi-templete","4fb65680-06d0-4c8a-832a-cffb91ab1a24",,,,,"0","0",,,,,,,,,,,,,,,,,,,,
"ssk-ubuntu-24.04-templete","f8c464b9-6370-4b5a-ba87-8ee6f610f47a",,,,,"0","0",,,,,,,,,,,,,,,,,"18.31","18.31",,
"SupervisorControlPlaneVM (1)","7002f8f6-f297-401a-b6f2-d0e54296dfb3","22.03","39.19","1758.12","3127.79","225.49","1736.73","0.59","1.42","741.01","20414.57",,,"39.08","8568.21",,,"4052488.55","12582912","13461599.32","15280884","42.32","46.4","33.24","34.7","1","0"
"SupervisorControlPlaneVM (1)","b0b1b790-d16f-44b7-968c-983b2b875104","16.43","91.26","1310.99","7283.6","100.22","1061.87","0.62","1.25","514.91","15239.5",,,"80.02","7980.29",,,"3336444.68","12582912","16206439.36","16748568","36.06","75","32.86","34.09","0",
"SupervisorControlPlaneVM (1)","9e2e4f48-8bc2-403d-918f-ad9eaff569d0","18.02","35.5","1438.25","2833","113.37","560.2","0.55","1.05","1101.46","21534.07",,,"235.39","8433",,,"3773006.59","10312395","15879007.63","16449382","36.65","38.15","32.06","32.85","0",
"SupervisorControlPlaneVM (1)","bb0db4ea-9ae7-4360-aabe-12a1f3f83602",,,,,,,,,,,,,,,,,,,,,,,,,,
"SupervisorControlPlaneVM (2)","3808bb98-25f2-4b8b-ac06-205aca6bd216","16.34","91.98","1304.38","7341.13","171.83","1273.33","0.55","1.4","604.1","13975.57",,,"69.37","7266.64",,,"3158504.55","12582912","15565734.01","16747324","34.28","75","31.84","33.7","0","0"
"SupervisorControlPlaneVM (2)","0d6e9542-9d4f-4234-b33a-2fa27abf8abd",,,,,,,,,,,,,,,,,,,,,,,,,,
"SupervisorControlPlaneVM (2)","c9f10347-915f-4e1e-855d-54637d4fdbe1","15.61","32.46","1245.99","2590.14","146.21","607.53","0.4","0.45","1078.89","17816.71",,,"184.74","6219.29",,,"3383668.85","9976851","14091957.94","14694197","33.46","34.78","29.81","30.36","0",
"SupervisorControlPlaneVM (2)","79a05232-c4c1-4f7a-8c36-702d21981529","15.88","49.81","1267.33","3975.57","335.41","3083.27","0.54","0.98","965.75","22120.29",,,"53.82","8394.8",,,"4279554.11","11475613","16663309.07","16751156","43.47","47.38","37.32","38.32","0","0"
"SupervisorControlPlaneVM (3)","04825488-3695-4e42-836d-ecb765ea6678","17.61","47.61","1405.22","3799.86","300.65","1177.27","0.38","0.51","1346.69","26963.43",,,"186.92","5778.71",,,"4098431.54","11341396","16606289.95","16755468","37.05","38.53","36.98","37.68",,
"SupervisorControlPlaneVM (3)","03c5256c-044f-4f9f-ad5f-8f83064ec505","16.88","31.19","1346.87","2489.57","246.67","2685.07","0.39","0.76","623.51","20422.79",,,"48.3","8943.21",,,"3510429.83","12582912","16533616.75","16749291","36.83","40.15","32.91","34.04","0","0"
"SupervisorControlPlaneVM (3)","d6d18be3-f694-4c51-8cd4-17cfb24e5917","19.27","93.4","1538.16","7454.07","306.87","1628.33","0.55","1.14","712.23","23749.71",,,"90.26","7886.79",,,"4178217.8","12582912","16637804.87","16752115","42.17","75","37.19","39.07","1","0"
"SupervisorControlPlaneVM (3)","cfd70163-5235-4fa9-8192-70b638a97d96",,,,,,,,,,,,,,,,,,,,,,,,,,
"test-dns-129.xx","514eaa63-7c69-4aef-a13d-162397168031","2.06","108.11","40.68","2116.5",,,"0.07","0.09","47.58","7837.2",,,"15.04","2510.33","59.78","8046.67","58706.42","1904211.5","2095118.14","2095548","37.31","90.79","12.14","12.14","0",
"vc","02359881-6d46-4608-ab6a-856c8b52e8bc","6.54","73.44","1252.95","14067.13","67.25","23766.93","0.39","1.74","340.49","28214.33","0","0","422.21","22255.47","753.31","246430.58","6277763.12","22900900","29138528.26","31364324","75.78","86.63","13.67","13.78","17","0"
"vcf9esxi01","1aeb0fdb-fa9a-4660-9d42-0d81d446f987","13.12","58.22","16757.52","74348.73","534346.8","5038186","1","9.15","12765.1","215788.67","2845900.71","31741014","5119.19","209832.33",,,"23094138.18","150994944","158030489.39","180823328","73.61","132.87",,,"3070964715","203712"
"vcf9esxi02","3bd50050-df83-4c7f-b906-0100d9d826c7","13.73","68.77","17537.44","87821.53","456059.98","5342853","1.06","10.49","7411.06","125902.93","21793.04","1059828.88","3833.24","47212.13",,,"27315021.05","150994944","154863858.32","174329712","74.22","107.65",,,"165806846","1964546"
"vcf9esxi03","d9599d7f-b656-4ac5-9331-4a49139a5860","19.09","55.25","24386.89","70558.87","499820.62","5183863.5","1","9.71","15713.56","138578","0","0","5466.91","109054.34",,,"31170763.08","150994944","133833621.68","176689840","73.77","114.71",,,"9919267","149937"
"vcf9esxi04","5170d921-1313-498d-a901-6b21749c5667","16.04","50.61","20494.17","64633.54","538019.05","5342965.5","0.97","9.04","11595.29","108030.87","139941.67","891305.06","4313.47","127973.87",,,"31630999.86","150994944","146867708.77","163358288","84.41","102.69",,,"11661296","121606"
"vcf9-installer","7553a2ca-d140-4a09-bd95-5d9c5b7cca84","5.48","82.69","613.56","9261.2","197.77","47487.6","0.04","0.55","94.35","78496.2","0","0","499.44","167567.47",,,"2301842.82","11542723","16759795.58","16760832","66.57","72.1","28.27","32.51","4306801","1"
"vcf-auto-runtime-7f6rf","dd9c51e9-cfe9-4082-ab46-86cc9ef993bc","0.12","0.13","83.63","87.87","16.57","17.33","0","0","107.67","158.93",,,"3.37","4.33",,,"22011705","35970348","3198607.25","3213346.75","8.12","8.13","12.83","12.83",,
"vcf-auto-runtime-7m8n4","be12bba1-27ca-4bb8-8aa9-462d7984f4ef","0.13","0.13","89.41","90.29","16.46","17.13","0","0","59.76","63.86",,,"0.8","0.86",,,"3221224","5435816","3210362.75","3211357.75","4.55","8.12","12.83","12.83",,
"vcf-auto-runtime-7wbrk","cf70e106-4e05-4501-ac53-53eb726d2f21","0.13","0.14","89.8","97","14.9","15.47","0.01","0.01","135.53","217.33",,,"2.33","3.87",,,"25367149","42010148","3182362","3193280.75","8.12","8.13","12.83","12.83",,
"vcf-auto-runtime-b2mtt","10d2de9f-2650-40fe-a2a8-5656423f1058","0.14","0.14","93.3","99.53","17.53","20.13","0.01","0.01","156.5","186.6",,,"91.2","180.6",,,"39460012","62075700","3178679.5","3189875.25","8.14","8.15","12.83","12.83",,
"vcf-auto-runtime-bfp68","bf1117dd-f02b-4356-9681-e26339d70647","0.13","0.13","87.6","87.6","15.6","15.6","0.01","0.01","122.4","122.4",,,"5.53","5.53",,,"23152558","23152558","3193308.75","3193308.75","8.12","8.12","12.83","12.83",,
"vcf-auto-runtime-cdmt9","a8bb1412-bb71-431b-a10b-bfdce579377d","12.79","68.86","8597.21","46277","6089.36","43701.13","0.17","0.47","5807.39","55915.73","0","0","325.03","82647",,,"23272813.3","75497472","99031831.05","100644864","45.84","75","29.06","56.2","5762","0"
"vcf-auto-runtime-crns6","deeae93d-297f-45e4-be11-001148c58321","0.13","0.13","87.8","87.8","15.2","15.2","0.01","0.01","169.2","169.2",,,"1.6","1.6",,,"26172456","26172456","3173218.25","3173218.25","8.13","8.13","12.83","12.83",,
"vcf-auto-runtime-d865s","776c6fac-f8f6-4a6f-8b55-7de3d3043628","0.15","0.17","104.47","117.73","21.3","28.07","0.01","0.01","163.2","211.93",,,"187.43","373.27",,,"42379246","65431140","3172603.75","3198067.25","8.14","8.15","12.83","12.83",,
"vcf-auto-runtime-dl8bj","6a1a5aef-7fe9-4c47-bb24-e884aa8194ee","0.13","0.14","90.97","94.07","20.17","22.53","0","0.01","136","178.93",,,"92.67","183.13",,,"32547797.5","52680456","3175675.75","3201617","8.12","8.12","12.83","12.83",,
"vcf-auto-runtime-gg57w","4fbb8361-7d0b-4752-ba4b-28afa80f39c1","0.15","0.24","100.52","165.6","40.33","113.8","0","0.01","124.05","261.27",,,"168.73","671.6",,,"24528288.75","69659000","3189738.62","3215680","8.13","8.16","12.83","12.83",,
"vcf-auto-runtime-jhrmr","d2602d22-8b30-47bd-97c0-ee509fbc4ae0","12.59","27.19","8463.4","18272.8","5161.6","98006.53","0.31","0.74","7227.03","119071","0","0","277.84","61221.67",,,"20101785.15","75497472","97980950.94","100642816","43.83","75","28.12","54.95","1","0"
"vcf-auto-runtime-l7ww8","33a17370-e310-4851-91cd-4163e2bc8362","0.13","0.14","89.07","95.6","15.57","16.27","0.01","0.01","105.6","161.13",,,"3.13","4.13",,,"20904409","34024192","3182564.5","3186449.5","8.12","8.12","12.83","12.83",,
"vcf-auto-runtime-nsv8k","59c1b13e-4fd5-4128-9e42-273cad4177e3","0.15","0.17","100.9","115.93","17.17","20.47","0.01","0.01","158.03","230.73",,,"192.27","382.33",,,"37245418.5","59122908","3160409.38","3189738.75","8.13","8.14","12.83","12.83",,
"vcf-auto-runtime-p52nb","c453a314-a7a4-406b-87d4-d1c32c3ea745","0.15","0.17","104.37","119.8","16.8","20","0.01","0.01","158.77","192.8",,,"184.17","366",,,"41875930","65229816","3149324.88","3187690.75","8.13","8.13","12.83","12.83",,
"vcf-auto-runtime-pmtf4","1da49829-22f0-463d-b596-da2e3acd734e","11.29","77.57","7587.88","52127.73","4832.16","96819.13","0.23","0.67","5933.37","114879.47","0","0","219.33","167669.94",,,"20017282.18","42547016","100537268.25","100644864","43.3","44.04","22.98","47.93","1779","0"
"vcf-auto-runtime-qj974","cb36dd8e-998c-4c94-bb4c-d6a40111d0b3","7.07","26.94","4754.35","18105.93","827.7","18385.6","0.08","0.14","3645.98","48494.87",,,"155.5","32109",,,"7686493","75497472","30315587.73","44380276","15.08","75","25.62","43.7","0",
"vcf-auto-runtime-srqgh","700f1181-505c-4071-81f9-2c359ad83ccf","0.14","0.16","98.8","108.6","14.57","15","0.01","0.01","157.9","229.2",,,"181.73","359.07",,,"35534141","56774096","3182434.12","3198749.75","8.12","8.13","12.83","12.83","0",
"vcf-auto-runtime-trb8f","c1055225-f07b-4c22-ab15-679f9cba2ae8","0.12","0.13","86.8","90.73","14.43","14.87","0.01","0.01","101.87","148.93",,,"2.6","2.67",,,"19126024.5","31205620","3205363.38","3207198.25","8.12","8.12","12.83","12.83",,
"vcf-auto-runtime-wff8g","cf614325-89bb-40f1-830e-2a38f0a7cdd4","0.13","0.13","90.6","90.6","7.23","14.47","0.01","0.01","163.33","163.33",,,"4.73","4.73",,,"28521266","28521266","3186598.5","3186598.5","8.12","8.12","12.83","12.83",,
"vcf-auto-runtime-x6ztr","929ddd1d-3403-4516-8aab-d2bfa05911c1","0.12","0.13","84.77","88.87","14.4","14.6","0","0","132.9","212.2",,,"2.6","4.53",,,"25266485","41808820","3176492.38","3182770.25","8.12","8.12","12.83","12.83",,
"vcf-auto-runtime-z2k6q","e7331c7c-8864-440b-b2bd-83d33bb450c4","0.13","0.14","92.87","100.47","16.1","17.07","0.01","0.01","131.17","182.4",,,"2.87","3.8",,,"32547797.5","52881784","3197043.25","3211311","8.13","8.14","12.84","12.84",,
"vcf-auto-runtime-zrm4x","739ae407-ae08-4764-a5ec-7977243d64e4","0.12","0.12","83.97","86.33","14.7","15","0","0","131.03","179.27",,,"3.13","4.93",,,"28387047.5","45902460","3186866.12","3203728","8.12","8.13","12.83","12.83",,
"vcf-collector","e208f59c-3f57-491b-a8d0-0507ea55264e","3.23","47.33","362.34","5300.47","161.6","3260.93","0.06","0.18","34.68","3339","0","0","3.89","12129.87",,,"2096483.22","7247754.5","16770683.11","16771072","59.58","70.38","10.51","12.17","9986","0"
"VCF-CP","57ad7a5b-a036-4766-b6fb-9f284c8c565f","6.07","66.91","242.04","2669.87","0","0.07","0.09","0.39","12.27","55.93","0","0","0","0",,,"567683.45","1761604","7750641.3","8020581","51.05","51.6","10.34","10.42","0","0"
"vcf-license","71aa8565-972f-40e1-b446-8e18f4f98ce8","1.47","3.6","82.07","201.27","7.23","28.13","0.04","0.14","4.41","60.73","0","0","0","1.13",,,"438432.43","2997528.25","3954778.77","3968792","42.99","43.45","8.28","8.28","0","0"
"vcf-ops","a16f7245-934a-49f1-8055-8c8b192ab7c7","5.6","35.04","1254.08","7849.07","992.54","15790.13","0.08","0.25","310.21","22572.33","0","0","50.4","15341.6",,,"7633086.68","18298348","33542895.61","33544192","81.26","85.95","23.86","24.96","22331","0"
"vcf-ops01","75be5077-bd99-41c5-a9b1-e2b19dc540cd","5.3","38.65","1187.55","8658.6","752.28","11820.4","0.08","0.3","215.53","54816.07","0","0","28.01","33258.2",,,"8420617.37","22347250","33541443.88","33544192","77.59","80.83","23.43","24.41","817493","1"
"vcf-ops02","be091e52-7d12-4d88-a0d9-0cf96f869e51","4.06","25.3","910.04","5668.67","785.2","8330.33","0.06","0.33","173.6","4070.6","0","0","8.75","23591.6",,,"5806323.11","15837690","33541484.64","33544192","73.96","79.45","22.18","23.16","1","0"
"vcf-runtime-86xzs","7099562b-2461-4f79-8b7f-5ace2d77dbe3","5.7","56.72","1915.56","19060.07","1517.18","96434.2","0.23","0.96","638.29","44823.27","0","0","3820.33","775611.12",,,"3560894.1","16659775","25145119.91","25147392","32.95","48.83","7.98","39.54","262624","1"
"vcf-runtime-b5vrv","d0f1b189-394f-48dd-a0cf-72a23f55fa9a","2.97","49.11","998.03","16503.13","2232.83","7380.53","0.03","0.07","3244.01","16184.53",,,"346.94","19076.33",,,"5284492.14","17968396","25083327.06","25145532","49.66","56.18","20.35","28.51","496859",
"vcf-runtime-d5rbp","10a1c0cd-34f0-4727-809c-06495aa02e4a","16.33","38.18","5488.24","12830.33","2233.05","54180.54","0.15","0.32","6962.79","24725.87",,,"1541.9","7263.2",,,"7653255.55","15116270","25129393.73","25143432","32.29","57.48","6.72","11.88","0",
"vcf-runtime-d9tj2","c3a9635c-c6f2-42f6-9bf1-11c80d82a730","3.77","12.59","1268.05","4230.73","5216.51","18204.8","0.05","0.08","5043.15","22468.6",,,"600.37","37369.67",,,"7291956.55","18152946","25098306.83","25144122","49.44","51.69","16.54","28.48","4095",
"vcf-runtime-h47zq","acefe5ef-259a-4a88-8fdb-d3f335eb2c2f","17.98","29.59","2013.26","3314.6","1639.68","43380.8","0.28","1.18","1778.13","7266.73","0","0","22.38","9723.86",,,"4851860.41","7864320","10398301.6","10469376","53.93","75","16.92","17.33","63849077","0"
"vcf-runtime-lrq6c","6009da30-ec56-4cbc-9208-ba8a62ac02f2","12","51.92","4032.89","17446.67","4910.07","74070.07","0.13","0.49","5372.87","29416.73","0","0","496.98","43838.87",,,"7311659.33","16559112","25144342.29","25147392","51.68","70.38","11.54","24.87","318","0"
"vcf-runtime-rrckz","503da271-8d08-4503-8a97-e5aac5c5bbc1","4.08","39.29","1371.93","13201","2396.19","94718.53","0.12","0.4","1301.59","82791.47","0","0","52.53","17858.2",,,"4009188.51","16559112","25142010","25147392","34.15","56.69","15.46","34.59","764","1"
"vcf-runtime-shxsn","c42885ba-3bf2-43de-821c-14efe8ab2211","1.94","40.82","651.63","13717.6","1237.87","102487.93","0.03","0.1","1427.16","80393.53",,,"120.87","19354.2",,,"2356614.59","18874368","21921837.55","22040764","20.78","52.99","24.33","33.77","308315","1"
"vcf-runtime-vdtdk","bfba4bc5-873f-47f1-9787-0492996f786e","4","30.55","1344.45","10267.53","4578.54","98629.34","0.04","0.11","5538.34","94147.6",,,"338.44","7720.47",,,"6678650.38","19042140","25047721.66","25143432","41.42","42.17","24.73","30.02","139",
"vcf-services-platform-template-9.0.1.0.24940697","0f723693-8f4f-402a-81fb-016263669be2",,,,,"0","0",,,,,,,,,,,,,,,,,,,,
"vcf-services-runtime-template-9.1.0.0.25370367","586f7ada-b0db-4cc6-9b74-fa3432414c70",,,,,"0","0",,,,,,,,,,,,,,,,,,,,
"vcf-services-runtime-template-9.1.0.0.25370367","fb1873b5-7701-4508-ab99-ee66fcceb4ae",,,,,"0","0",,,,,,,,,,,,,,,,,,,,
"vcf-vrli01","78a88e54-a6f2-4875-938d-38d872aa7c14","43.01","74.37","4816.95","8329.2","2792.56","9735.33","0.28","0.79","2194.04","5455.8","0","0","432.63","7685.75",,,"4436348.27","5502925","8385782.12","8386560","98.94","99.99","93.13","93.31","342","0"
"vcf-vrli02","9f54b1cf-6930-46d3-9a75-83d50709b18d","18.41","39.13","2061.42","4382.07","902.65","2845.93","0.21","0.68","2226.37","5427.47","0","0","457.81","4226.87",,,"3928356.6","5301598","8386221.56","8386560","99.09","99.99","93.08","93.25","8","0"
"vcf-vrli03","fe877200-79bd-40bc-9e40-acb9ae66aef5","19.67","42.33","2203.45","4741.4","886.27","2924.67","0.23","0.69","2183.87","6054.53","0","0","334.01","3533.4",,,"3904487.49","5245674.5","8386390.73","8386560","98.38","99.99","93.09","93.27","0","0"
"vcf-vrni01","4abe8eb9-42ab-461f-8da2-b86666de5aa0","13.48","42.83","4530.96","14390.67","500.22","41036.2","0.25","0.76","1262.04","85734","0","0","51.12","78086.6",,,"8626218.1","24662506","50325812.45","50331648","56.65","62.66","10.34","10.82","1","0"
"vcf-vrni02","c3b89148-a97f-493c-9a37-7a5a7aefe46d","12.71","35.72","4272.64","12001.07","568.9","43380.07","0.19","0.51","1283.28","60008.13","0","0","37.94","10146.2",,,"8682639.28","25165822","50326979.56","50331648","55.39","58.44","9.83","10.23","37","0"
"vcf-vrni03","3edcffba-a872-4390-b06e-1e13a0746327","10.68","40.69","3590.35","13673","570.13","24502.4","0.19","0.49","1129.33","52090.87","0","0","39.44","9421.2",,,"7992469.19","20199766","50327583.26","50331648","53.3","60.87","9.49","10.12","6155","0"
"vcf-vrni-c01","aacced50-711d-4145-ac9e-fe8060139eb3","49.08","120.63","2748","6754.73","128.13","17044.47","0.14","0.41","1931.15","46323.13","0","0","681.19","65043.07",,,"2043207.89","3981790.75","4194077.06","4194304","74.76","87.01","20.05","25.78","279039","2"
"vra-drd6d","35ad2350-6f1b-4880-9416-fe68b4bf3a01","23.94","41.42","16087.69","27839.13","1169.62","67631.93","0.31","0.81","4976.98","41449.54",,,"288.07","49014.87",,,"22853453.14","38453376","100637998.73","100644864","55.3","64.03","51.67","66.32",,
"vra-jtcvr","732da37b-1bb3-41d1-975f-2a1e9301ac94","22.85","29.69","15357.62","19956.67","929.14","63681.93","0.26","0.64","4693.6","62210.07",,,"465.92","19776.13",,,"22583292.07","33017558","100633421.89","100644864","56.06","64.55","37.3","57.31",,
"vra-qb8tt","fbac87e8-dd73-4453-915c-1c0539a5c3bb","24.53","34.15","16485.77","22952.13","1106.58","36401.54","0.23","0.88","5739.6","22838.4",,,"827","69358.73",,,"23821589.56","34628172","100631133.46","100644864","29.37","29.37","46.66","63.84","0",
"vSAN File Service Node (1)","265e3f1c-ee37-43b1-8697-c319a312ee3d","0.39","3.56","31.1","283.85","0.01","0.07","0.03","0.19","12.78","482.31",,,"5.85","1725.92",,,"185384.17","6189594.5","1080027.04","1252558.38","15.53","15.7","8.96","9.1","12",
"vSAN File Service Node (2)","c271ddb0-1a14-45b0-ad8d-8eca6d327da4","0.35","0.38","27.95","30.47","18.22","73.53","0.03","0.04","11.65","18",,,"0.29","84.4",,,"169515.51","2936010.75","1299041.42","1459364","15.45","15.63","8.96","9.1","1010",
"vSAN File Service Node (3)","eafbe969-ba74-44e6-aed0-5a0d4dda3106","2.1","2.63","167.87","210.27","0.01","0.13","0.08","0.19","36.93","688",,,"0.89","190.8",,,"291966.05","3003120","1818351.03","2112961","17.28","17.42","9.25","9.46","12",
"vSAN File Service Node (4)","fbfedfe6-ed03-4e3c-b3ba-36f7e2e83070","2.11","2.55","168","203.2","0.01","0.27","0.07","0.14","37.22","670.53",,,"0.9","198.13",,,"291807.28","3036674.5","1866258.06","2174285.5","29.81","30.21","9.26","9.46","12",
"wd-edge01","676046ac-5f30-47ae-aebd-db44bd6d4175","10.98","16.55","1753.07","2642.47","23.62","8201.87","0.44","1.59","658.62","16956.07","0","0","1.65","4179.67",,,"1865119.86","25165824","26211696.95","31378432","63.21","75","12.4","15.42","221","0"
"wd-edge02","712ef2b8-f746-4185-b681-bf05bbba06ca","8.07","12.23","2576.53","3906.33","22.61","8520.83","0.44","1.68","734.25","21574","0","0","1.51","4861.57",,,"2431911.89","50063212","38982081.22","49300412","60.93","62.74","12.38","15.46","18","0"
"wd-edge03","1a730c8b-a10d-49ad-8c1c-0885f9ecd008","14.67","42.74","1170.58","3411.13","19.23","8487.2","0.43","1.93","610.27","94631","0","0","25.74","25684.75",,,"1123461.32","6660553.5","7501152.53","8169484","79.74","82.42","12.35","13.83","2994","0"
"wd-edge04","ca5518c4-a935-4cae-9000-ea5fdb51a00b","14.77","44.41","1178.82","3544.4","19.24","8264.7","0.44","1.78","597.14","70677.87","0","0","19.93","21270.53",,,"1105052.91","6381795","7493625.19","8167444.5","79.24","81.82","12.33","15.66","1608","0"
"wd-harbor","b2907919-608b-4911-a532-a2b250bd7e1f","1.39","3.73","111.24","298","0.4","14.73","0.09","0.31","61.98","98","0","0","0.02","20.33",,,"343374.5","615162.69","8225352.86","8248142","19.85","19.94","39.5","39.7","0","0"
"wd-nsx01","d7e8ba30-ec33-470d-b867-25d1e7196aef","20.58","74.16","3457.24","12459.87","717.42","19494.67","0.17","0.7","1526.55","45715.07","0","0","255.25","55751.4",,,"10921478.67","21558720","25164301.11","25165824","87.19","93.19","13.66","16.45","42","1"
"wd-nsx02","657ed125-f99a-49ac-877d-d30bff98797a","18.84","88.59","3165.51","14883.67","847.34","38063.73","0.25","0.92","1517.99","43762.43","0","0","114.2","48904.6",,,"11028512.54","21843934","25164656.89","25165824","86.82","90.3","14.72","15.98","35","1"
"wd-nsx03","25da8bb5-b747-4a63-9dfd-cdc1ef781bfe","24.05","77.7","4041.33","13054.53","801.2","24692.07","0.26","1.05","1585.54","38017","0","0","274.6","48215.93",,,"11477843.64","21676160","25164808.12","25165824","87.94","93.13","13.71","16.32","42","0"
"wd-vc01","2586f1ce-29c6-432f-bb97-60b7b8a4dce5","12.32","44.75","2760.75","10023.2","596.34","110152.66","0.07","0.29","1103.4","70007",,,"232.88","25402.27",,,"5243776.29","23739760","31434205.88","31442452","59.41","62.47","7.82","9.88","1",
"wd-vks01-cgcrk-txwph","826df284-28a9-4e06-8781-830ad84dbb6e","17.39","41.76","693.69","1666.07","24.5","176.2","0.68","0.76","475.36","11549.73",,,"109.19","2984.47",,,"1723949.92","6515151.5","7881688.08","8040029.5","30.48","31.07","47.06","47.45",,
"wd-vks01-jgm9z-s4drr","8134f415-741c-4eb6-87c1-6a38f69af9f7","14.88","15.39","593.51","613.73","24.6","46.87","0.48","0.5","80.58","92.47",,,,,,,"3523213.58","6241123","7892244","7892244","30.32","30.54","46.95","46.95",,
"wd-vks01-node-pool-1-fpppt-phscw-pbsgl","2281dc7e-7263-4492-ad3e-d3d9db3983b2","5.43","9.09","216.64","362.67","85.89","255.27","0.17","0.17","1660.71","4978.73",,,"892.69","2678.07",,,"2874494.88","5670698","3421428.42","3474708","17.48","17.53","34.21","34.21",,
"wd-vks01-node-pool-1-fpppt-phscw-sxxdz","3c9d4e99-5eaf-450b-aecb-c165f342e92f","6.36","10.88","253.6","433.87","81.58","242.53","0.22","0.23","1671.44","5010.67",,,"881.47","2644.4",,,"2824163.29","5665105.5","3239043.67","3279215.5","17.52","17.61","34.21","34.21",,
"wd-vks01-node-pool-1-jkbbf-tqgjf-p7phk","374a7b61-71ff-4811-907a-d40fe56c0fd6","3.84","4.43","152.95","176.47","8.63","218.4","0.2","0.22","28.91","812.87",,,"0.02","0.47",,,"472460.61","3814019","3601638.04","3727449.75","17.67","17.93","34.91","35.64",,
"wd-vks01-node-pool-1-jkbbf-tqgjf-wv7bq","d376e500-ddb6-4990-b6ac-75e1110ecf50","3.95","4.61","157.26","183.67","8.24","207.73","0.24","0.27","28.4","800.33",,,"0.02","0.47",,,"508328.8","3640654.5","3547280.09","3674208","17.67","17.91","34.91","35.64",,
"wsn-bastion","ce56f7bb-b08f-4a4a-b1c0-ef835830718e","0.52","27.93","41.6","2229.13","89.18","134416.94","0.04","1.27","96.93","90365.6","0","0","109.28","133648.2",,,"149870.65","6833917","8081269.02","8372320.5","16.31","75","25.13","46.4","1","0"
"wsn-vyos","5a756a78-99ca-4908-845a-268261c5f85d","0.6","18.31","23.63","730.17","6.01","3218.67","0.08","0.26","2.99","136",,,"0.36","1091",,,"45682.16","1572864","1004840.58","1053647.5","2.14","75",,,"1",
"yr-depot","ab94a4cd-7a7e-47ca-8104-ab093465307d","0.31","26.21","24.79","2091.47","23.54","85086.4","0.04","0.36","3.5","4042.47","11327.42","228514.14","95.4","239391.53",,,"89522.34","2175443.5","4967836.55","8282308","15.33","76.32","13.18","13.19","0","0"
"yr-dns","060cc416-2230-4d4c-815d-0a1647bd8d51","6.81","18.19","271.39","725.5",,,"0.12","0.28","1439.75","9406.87",,,"163.07","1016.13","890.44","7551.79","1404810.25","3145728","3628611.78","4046283.75","19.77","39.99","17.61","36.97","15155",
"yr-dns","a516981a-99c9-4059-8b92-4de73d140374","1","48.01","39.86","1915.6","11.91","1769.2","0.05","0.19","119.2","17867.47",,,"27.83","3182.13","44.25","4368.8","116835.16","3070229.5","4169636.69","4178704","25.76","50.26","39.47","40.2","4",
"yr-esxi01","6447b7fb-2065-483e-a419-df610ca337f3","0.82","3.84","261.95","1226.73","9.14","10.67","0.06","0.07","126.56","3339.14",,,"105.73","1345.64","65.57","2229.47","5563454.99","97263112","4971077.29","5091328","3.35","5.92",,,"1234",
"yr-esxi02","3a551c8d-1dd6-453a-8e77-c4a8d9ddb9ab","0.84","5.31","269.19","1697",,,"0.06","0.06","135.79","4008.29",,,"98.7","1469.93","157.27","5189.83","7209795.35","100663296","4929224.35","4993024","6.95","75",,,"18",
"yr-esxi03","7b173cc0-bc5b-4e8a-86a1-37cb85ef2784","1.45","4.18","463.05","1335.13","8.37","9.87","0.08","0.1","130.25","3766.2",,,"90.31","1256.8",,,"5056976.14","86704648","4671852.63","5074944","3.45","3.64",,,"2227",
"YR-ESXi-7-Temp","1b637d26-bc06-49ea-87b0-8cf81a97e7d0",,,,,"0","0",,,,,,,,,,,,,,,,,,,,
"yr-installer","38321467-b818-416a-a43d-b66d072241e9",,,,,,,,,,,,,,,,,,,,,,,,,,
"yun-esxi","37611645-4cd2-4118-a85b-d8836dad917c",,,,,"0","0",,,,,,,,,,,,,,,,,,,,
