"VMName","DiskLabel","CapacityGB","DiskType","Datastore","ControllerLabel","ControllerType","ControllerBusNum","UnitNumber","IsRDM","RDM_DeviceName","RDM_CompatMode"
"nc-dns","Hard disk 1","90","Thin","WD-HCS-cl01-vsan01","SCSI controller 0","ParaSCSI","0","0","False","",""
"nc-nfs","Hard disk 1","20","Thin","WD-HCS-cl01-vsan01","SCSI controller 0","ParaSCSI","0","0","False","",""
"nc-nfs","Hard disk 2","1024","Thin","WD-HCS-cl01-vsan01","SCSI controller 0","ParaSCSI","0","1","False","",""
"YR-ESXi-7-Temp","Hard disk 1","50","Thin","WD-HCS-cl01-vsan01","SCSI controller 0","ParaSCSI","0","0","False","",""
"vcf9esxi02","Hard disk 1","100","Thin","WD-HCS-cl01-vsan01","SCSI controller 0","ParaSCSI","0","0","False","",""
"vcf9esxi02","Hard disk 2","1024","Thin","WD-HCS-cl01-vsan01","N/A","N/A","N/A","0","False","",""
"vcf9esxi02","Hard disk 3","1024","Thin","WD-HCS-cl01-vsan01","N/A","N/A","N/A","1","False","",""
"vcf9esxi02","Hard disk 4","1024","Thin","WD-HCS-cl01-vsan01","N/A","N/A","N/A","2","False","",""
"vcf9esxi02","Hard disk 5","1024","Thin","WD-HCS-cl01-vsan01","N/A","N/A","N/A","3","False","",""
"vcf9esxi02","Hard disk 6","100","Thin","WD-HCS-cl01-vsan01","N/A","N/A","N/A","4","False","",""
"vcf9esxi03","Hard disk 1","100","Thin","WD-HCS-cl01-vsan01","SCSI controller 0","ParaSCSI","0","0","False","",""
"vcf9esxi03","Hard disk 2","1024","Thin","WD-HCS-cl01-vsan01","N/A","N/A","N/A","0","False","",""
"vcf9esxi03","Hard disk 3","1024","Thin","WD-HCS-cl01-vsan01","N/A","N/A","N/A","1","False","",""
"vcf9esxi03","Hard disk 4","1024","Thin","WD-HCS-cl01-vsan01","N/A","N/A","N/A","2","False","",""
"vcf9esxi03","Hard disk 5","1024","Thin","WD-HCS-cl01-vsan01","N/A","N/A","N/A","3","False","",""
"vcf9esxi03","Hard disk 6","100","Thin","WD-HCS-cl01-vsan01","N/A","N/A","N/A","4","False","",""
"vcf9esxi04","Hard disk 1","100","Thin","WD-HCS-cl01-vsan01","SCSI controller 0","ParaSCSI","0","0","False","",""
"vcf9esxi04","Hard disk 2","1024","Thin","WD-HCS-cl01-vsan01","N/A","N/A","N/A","0","False","",""
"vcf9esxi04","Hard disk 3","1024","Thin","WD-HCS-cl01-vsan01","N/A","N/A","N/A","1","False","",""
"vcf9esxi04","Hard disk 4","1024","Thin","WD-HCS-cl01-vsan01","N/A","N/A","N/A","2","False","",""
"vcf9esxi04","Hard disk 5","1024","Thin","WD-HCS-cl01-vsan01","N/A","N/A","N/A","3","False","",""
"vcf9esxi04","Hard disk 6","100","Thin","WD-HCS-cl01-vsan01","N/A","N/A","N/A","4","False","",""
"vcf9esxi01","Hard disk 1","300","Thin","WD-HCS-cl01-vsan01","SCSI controller 0","ParaSCSI","0","0","False","",""
"vcf9esxi01","Hard disk 2","1024","Thin","WD-HCS-cl01-vsan01","N/A","N/A","N/A","0","False","",""
"vcf9esxi01","Hard disk 3","1024","Thin","WD-HCS-cl01-vsan01","N/A","N/A","N/A","1","False","",""
"vcf9esxi01","Hard disk 4","1024","Thin","WD-HCS-cl01-vsan01","N/A","N/A","N/A","2","False","",""
"vcf9esxi01","Hard disk 5","1024","Thin","WD-HCS-cl01-vsan01","N/A","N/A","N/A","3","False","",""
"vcf9esxi01","Hard disk 6","100","Thin","WD-HCS-cl01-vsan01","N/A","N/A","N/A","4","False","",""
"kdw-depot","Hard disk 1","25","Thin","WD-HCS-cl01-vsan01","N/A","N/A","N/A","0","False","",""
"kdw-depot","Hard disk 2","100","Thin","WD-HCS-cl01-vsan01","N/A","N/A","N/A","1","False","",""
"kdw-depot","Hard disk 3","100","Thin","WD-HCS-cl01-vsan01","SCSI controller 0","ParaSCSI","0","0","False","",""
"dns01","Hard disk 1","90","Thin","WD-HCS-cl01-vsan01","SCSI controller 0","ParaSCSI","0","0","False","",""
"wsn-bastion","Hard disk 1","500","Thin","WD-HCS-cl01-vsan01","SCSI controller 0","ParaSCSI","0","0","False","",""
"wsn-bastion","Hard disk 2","500","Thin","WD-HCS-cl01-vsan01","SCSI controller 0","ParaSCSI","0","1","False","",""
"wsn-vyos","Hard disk 1","10","Thin","WD-HCS-cl01-vsan01","SCSI controller 0","LsiLogic","0","0","False","",""
"yr-depot","Hard disk 1","2048","Thin","WD-HCS-cl01-vsan01","SCSI controller 0","ParaSCSI","0","0","False","",""
"HMGDNSNTP","Hard disk 1","60","Thin","WD-HCS-cl01-vsan01","SCSI controller 0","LsiLogicSAS","0","0","False","",""
"harbor","Hard disk 1","1024","Thin","WD-HCS-cl01-vsan01","SCSI controller 0","ParaSCSI","0","0","False","",""
"khj_dns","Hard disk 1","90","Thin","WD-HCS-cl01-vsan01","SCSI controller 0","ParaSCSI","0","0","False","",""
"dns_tmp","Hard disk 1","90","Thin","WD-HCS-cl01-vsan01","SCSI controller 0","ParaSCSI","0","0","False","",""
"hkmg-dns-ntp-128.x","Hard disk 1","20","Thin","WD-HCS-cl01-vsan01","SCSI controller 0","ParaSCSI","0","0","False","",""
"hkmg-nfs","Hard disk 1","50","Thin","WD-HCS-cl01-vsan01","SCSI controller 0","ParaSCSI","0","0","False","",""
"hkmg-nfs","Hard disk 2","3072","Thin","WD-HCS-cl01-vsan01","SCSI controller 0","ParaSCSI","0","1","False","",""
"hkmg-dns-127.X","Hard disk 1","16","Thin","WD-HCS-cl01-vsan01","SCSI controller 0","ParaSCSI","0","0","False","",""
"hkmg-vcf-test-vsan-esx01-127.X","Hard disk 1","200","Thin","WD-HCS-cl01-vsan01","SCSI controller 0","ParaSCSI","0","0","False","",""
"hkmg-vcf-test-vsan-esx01-127.X","Hard disk 2","500","Thin","WD-HCS-cl01-vsan01","N/A","N/A","N/A","0","False","",""
"hkmg-vcf-test-vsan-esx02-127.X","Hard disk 1","200","Thin","WD-HCS-cl01-vsan01","SCSI controller 0","ParaSCSI","0","0","False","",""
"hkmg-vcf-test-vsan-esx02-127.X","Hard disk 2","500","Thin","WD-HCS-cl01-vsan01","N/A","N/A","N/A","0","False","",""
"hkmg-vcf-test-vsan-esx03-127.X","Hard disk 1","200","Thin","WD-HCS-cl01-vsan01","SCSI controller 0","ParaSCSI","0","0","False","",""
"hkmg-vcf-test-vsan-esx03-127.X","Hard disk 2","500","Thin","WD-HCS-cl01-vsan01","N/A","N/A","N/A","0","False","",""
"hkmg-vcf-test-vsan-esx04-127.X","Hard disk 1","200","Thin","WD-HCS-cl01-vsan01","SCSI controller 0","ParaSCSI","0","0","False","",""
"hkmg-vcf-test-vsan-esx04-127.X","Hard disk 2","500","Thin","WD-HCS-cl01-vsan01","N/A","N/A","N/A","0","False","",""
"nc-esxi01","Hard disk 1","100","Thin","WD-HCS-cl01-vsan01","N/A","N/A","N/A","0","False","",""
"nc-esxi01","Hard disk 2","200","Thin","WD-HCS-cl01-vsan01","N/A","N/A","N/A","1","False","",""
"nc-esxi01","Hard disk 3","1024","Thin","WD-HCS-cl01-vsan01","N/A","N/A","N/A","2","False","",""
"nc-esxi01","Hard disk 4","500","Thin","WD-HCS-cl01-vsan01","N/A","N/A","N/A","3","False","",""
"nc-esxi02","Hard disk 1","100","Thin","WD-HCS-cl01-vsan01","N/A","N/A","N/A","0","False","",""
"nc-esxi02","Hard disk 2","200","Thin","WD-HCS-cl01-vsan01","N/A","N/A","N/A","1","False","",""
"nc-esxi02","Hard disk 3","1024","Thin","WD-HCS-cl01-vsan01","N/A","N/A","N/A","2","False","",""
"nc-esxi03","Hard disk 1","100","Thin","WD-HCS-cl01-vsan01","N/A","N/A","N/A","0","False","",""
"nc-esxi03","Hard disk 2","200","Thin","WD-HCS-cl01-vsan01","N/A","N/A","N/A","1","False","",""
"nc-esxi03","Hard disk 3","1024","Thin","WD-HCS-cl01-vsan01","N/A","N/A","N/A","2","False","",""
"nc-esxi04","Hard disk 1","100","Thin","WD-HCS-cl01-vsan01","N/A","N/A","N/A","0","False","",""
"nc-esxi04","Hard disk 2","200","Thin","WD-HCS-cl01-vsan01","N/A","N/A","N/A","1","False","",""
"nc-esxi04","Hard disk 3","1024","Thin","WD-HCS-cl01-vsan01","N/A","N/A","N/A","2","False","",""
"depot","Hard disk 1","1024","Thin","WD-HCS-cl01-vsan01","SCSI controller 0","ParaSCSI","0","0","False","",""
"hkmg-vcf-depot","Hard disk 1","20","Thin","WD-HCS-cl01-vsan01","SCSI controller 0","ParaSCSI","0","0","False","",""
"hkmg-vcf-depot","Hard disk 2","500","Thin","WD-HCS-cl01-vsan01","SCSI controller 0","ParaSCSI","0","1","False","",""
"hkmg-iscsi","Hard disk 1","50","Thin","WD-HCS-cl01-vsan01","SCSI controller 0","ParaSCSI","0","0","False","",""
"hkmg-iscsi","Hard disk 2","2048","Thin","WD-HCS-cl01-vsan01","SCSI controller 0","ParaSCSI","0","1","False","",""
"vSAN File Service Node (1)","Hard disk 1","48","Thin","WD-HCS-cl01-vsan01","SCSI controller 0","LsiLogic","0","0","False","",""
"vSAN File Service Node (1)","Hard disk 2","0.06","Thin","WD-HCS-cl01-vsan01","SCSI controller 0","LsiLogic","0","1","False","",""
"vSAN File Service Node (1)","Hard disk 3","30","Thin","WD-HCS-cl01-vsan01","SCSI controller 0","LsiLogic","0","2","False","",""
"vSAN File Service Node (2)","Hard disk 1","48","Thin","WD-HCS-cl01-vsan01","SCSI controller 0","LsiLogic","0","0","False","",""
"vSAN File Service Node (2)","Hard disk 2","0.06","Thin","WD-HCS-cl01-vsan01","SCSI controller 0","LsiLogic","0","1","False","",""
"vSAN File Service Node (2)","Hard disk 3","30","Thin","WD-HCS-cl01-vsan01","SCSI controller 0","LsiLogic","0","2","False","",""
"vSAN File Service Node (3)","Hard disk 1","48","Thin","WD-HCS-cl01-vsan01","SCSI controller 0","LsiLogic","0","0","False","",""
"vSAN File Service Node (3)","Hard disk 2","0.06","Thin","WD-HCS-cl01-vsan01","SCSI controller 0","LsiLogic","0","1","False","",""
"vSAN File Service Node (3)","Hard disk 3","30","Thin","WD-HCS-cl01-vsan01","SCSI controller 0","LsiLogic","0","2","False","",""
"vSAN File Service Node (4)","Hard disk 1","48","Thin","WD-HCS-cl01-vsan01","SCSI controller 0","LsiLogic","0","0","False","",""
"vSAN File Service Node (4)","Hard disk 2","0.06","Thin","WD-HCS-cl01-vsan01","SCSI controller 0","LsiLogic","0","1","False","",""
"vSAN File Service Node (4)","Hard disk 3","30","Thin","WD-HCS-cl01-vsan01","SCSI controller 0","LsiLogic","0","2","False","",""
"hkmg-vvf-test-nfs-esx01-128.X","Hard disk 1","200","Thin","WD-HCS-cl01-vsan01","SCSI controller 0","ParaSCSI","0","0","False","",""
"hkmg-vvf-test-nfs-esx01-128.X","Hard disk 2","200","Thin","WD-HCS-cl01-vsan01","SCSI controller 0","ParaSCSI","0","1","False","",""
"hkmg-vvf-test-nfs-esx02-128.X","Hard disk 1","200","Thin","WD-HCS-cl01-vsan01","SCSI controller 0","ParaSCSI","0","0","False","",""
"hkmg-vvf-test-nfs-esx02-128.X","Hard disk 2","200","Thin","WD-HCS-cl01-vsan01","SCSI controller 0","ParaSCSI","0","1","False","",""
"yr-dns","Hard disk 1","40","Thin","WD-HCS-cl01-vsan01","SCSI controller 0","ParaSCSI","0","0","False","",""
"yr-installer","Hard disk 1","32","Thin","WD-HCS-cl01-vsan01","SCSI controller 0","LsiLogic","0","0","False","",""
"yr-installer","Hard disk 2","16","Thin","WD-HCS-cl01-vsan01","SCSI controller 0","LsiLogic","0","1","False","",""
"yr-installer","Hard disk 3","240","Thin","WD-HCS-cl01-vsan01","SCSI controller 0","LsiLogic","0","2","False","",""
"yr-installer","Hard disk 4","512","Thin","WD-HCS-cl01-vsan01","SCSI controller 0","LsiLogic","0","3","False","",""
"yr-installer","Hard disk 5","26","Thin","WD-HCS-cl01-vsan01","SCSI controller 0","LsiLogic","0","4","False","",""
"yr-installer","Hard disk 6","88","Thin","WD-HCS-cl01-vsan01","SCSI controller 0","LsiLogic","0","5","False","",""
"SupervisorControlPlaneVM (1)","Hard disk 1","48","Thick Lazy Zeroed","WD-HCS-cl01-vsan01","SCSI controller 0","ParaSCSI","0","0","False","",""
"SupervisorControlPlaneVM (2)","Hard disk 1","48","Thick Lazy Zeroed","WD-HCS-cl01-vsan01","SCSI controller 0","ParaSCSI","0","0","False","",""
"SupervisorControlPlaneVM (3)","Hard disk 1","48","Thick Lazy Zeroed","WD-HCS-cl01-vsan01","SCSI controller 0","ParaSCSI","0","0","False","",""
"cci-ns-controller-manager-754d944c6-6bfbz","Hard disk 1","0.25","Thin","WD-HCS-cl01-vsan01","SCSI controller 0","ParaSCSI","0","0","False","",""
"cci-ns-controller-manager-754d944c6-6bfbz","Hard disk 2","0.55","Thin","WD-HCS-cl01-vsan01","SCSI controller 2","ParaSCSI","2","0","False","",""
"test-dns-129.xx","Hard disk 1","25","Thin","WD-HCS-cl01-vsan01","SCSI controller 0","ParaSCSI","0","0","False","",""
"wd-vks01-cgcrk-txwph","Hard disk 1","20","Thin","WD-HCS-cl01-vsan01","SCSI controller 0","ParaSCSI","0","0","False","",""
"wd-vks01-node-pool-1-jkbbf-tqgjf-p7phk","Hard disk 1","20","Thin","WD-HCS-cl01-vsan01","SCSI controller 0","ParaSCSI","0","0","False","",""
"wd-vks01-node-pool-1-jkbbf-tqgjf-wv7bq","Hard disk 1","20","Thin","WD-HCS-cl01-vsan01","SCSI controller 0","ParaSCSI","0","0","False","",""
"yr-esxi01","Hard disk 1","50","Thin","WD-HCS-cl01-vsan01","N/A","N/A","N/A","0","False","",""
"yr-esxi01","Hard disk 2","100","Thin","WD-HCS-cl01-vsan01","N/A","N/A","N/A","1","False","",""
"yr-esxi01","Hard disk 3","200","Thin","WD-HCS-cl01-vsan01","N/A","N/A","N/A","2","False","",""
"yr-esxi01","Hard disk 4","400","Thin","WD-HCS-cl01-vsan01","N/A","N/A","N/A","3","False","",""
"yr-esxi02","Hard disk 1","50","Thin","WD-HCS-cl01-vsan01","N/A","N/A","N/A","0","False","",""
"yr-esxi02","Hard disk 2","100","Thin","WD-HCS-cl01-vsan01","N/A","N/A","N/A","1","False","",""
"yr-esxi02","Hard disk 3","200","Thin","WD-HCS-cl01-vsan01","N/A","N/A","N/A","2","False","",""
"yr-esxi02","Hard disk 4","400","Thin","WD-HCS-cl01-vsan01","N/A","N/A","N/A","3","False","",""
"yr-esxi03","Hard disk 1","50","Thin","WD-HCS-cl01-vsan01","N/A","N/A","N/A","0","False","",""
"yr-esxi03","Hard disk 2","100","Thin","WD-HCS-cl01-vsan01","N/A","N/A","N/A","1","False","",""
"yr-esxi03","Hard disk 3","200","Thin","WD-HCS-cl01-vsan01","N/A","N/A","N/A","2","False","",""
"yr-esxi03","Hard disk 4","400","Thin","WD-HCS-cl01-vsan01","N/A","N/A","N/A","3","False","",""
"SHJ-Centos","Hard disk 1","50","Thin","WD-HCS-cl01-vsan01","SCSI controller 0","ParaSCSI","0","0","False","",""
"VCF-CP","Hard disk 1","20","Thin","WD-HCS-cl01-vsan01","SCSI controller 0","ParaSCSI","0","0","False","",""
"VCF-CP","Hard disk 2","120","Thin","WD-HCS-cl01-vsan01","SCSI controller 0","ParaSCSI","0","1","False","",""
"VCF-CP","Hard disk 3","4","Thin","WD-HCS-cl01-vsan01","SCSI controller 0","ParaSCSI","0","2","False","",""
"wd-edge03","Hard disk 1","197","Thin","WD-HCS-cl01-vsan01","SCSI controller 0","LsiLogic","0","0","False","",""
"wd-edge04","Hard disk 1","197","Thin","WD-HCS-cl01-vsan01","SCSI controller 0","LsiLogic","0","0","False","",""
"wd-harbor","Hard disk 1","20","Thin","WD-HCS-cl01-vsan01","SCSI controller 0","ParaSCSI","0","0","False","",""
"wd-harbor","Hard disk 2","40","Thin","WD-HCS-cl01-vsan01","SCSI controller 0","ParaSCSI","0","1","False","",""
"wd-edge01","Hard disk 1","197","Thin","WD-HCS-cl01-vsan01","SCSI controller 0","LsiLogic","0","0","False","",""
"wd-edge02","Hard disk 1","197","Thin","WD-HCS-cl01-vsan01","SCSI controller 0","LsiLogic","0","0","False","",""
"broadcom-jumphost","Hard disk 1","100","Thin","WD-HCS-cl01-vsan01","SCSI controller 0","ParaSCSI","0","0","False","",""
"kdw-wd-jumphost","Hard disk 1","20","Thin","WD-HCS-cl01-vsan01","SCSI controller 0","ParaSCSI","0","0","False","",""
"kdw-wd-jumphost","Hard disk 2","50","Thin","WD-HCS-cl01-vsan01","SCSI controller 0","ParaSCSI","0","1","False","",""
