"VMName","AdapterLabel","AdapterType","PortGroup","MacAddress","MacType","Connected","StartConnected"
"nc-dns","Network adapter 1","Vmxnet3","nc-ids-10-100-50","00:50:56:b5:23:2e","assigned","True","True"
"nc-nfs","Network adapter 1","Vmxnet3","nc-ids-10-100-50","00:50:56:b5:1c:5f","assigned","True","True"
"YR-ESXi-7-Temp","Network adapter 1","Vmxnet3","DVPortgroup (dvportgroup-1015)","00:50:56:b5:e5:f7","assigned","False","True"
"vcf9esxi02","Network adapter 1","Vmxnet3","KHJ-PG-Trunk","00:50:56:b5:1e:65","assigned","True","True"
"vcf9esxi02","Network adapter 2","Vmxnet3","KHJ-PG-Trunk","00:50:56:b5:cf:f2","assigned","True","True"
"vcf9esxi02","Network adapter 3","Vmxnet3","KHJ-PG-Trunk","00:50:56:b5:af:6b","assigned","True","True"
"vcf9esxi02","Network adapter 4","Vmxnet3","KHJ-PG-Trunk","00:50:56:b5:be:4c","assigned","True","True"
"vcf9esxi02","Network adapter 5","Vmxnet3","KHJ-PG-Trunk","00:50:56:b5:01:c6","assigned","True","True"
"vcf9esxi03","Network adapter 1","Vmxnet3","KHJ-PG-Trunk","00:50:56:b5:c4:fa","assigned","True","True"
"vcf9esxi03","Network adapter 2","Vmxnet3","KHJ-PG-Trunk","00:50:56:b5:48:7a","assigned","True","True"
"vcf9esxi03","Network adapter 3","Vmxnet3","KHJ-PG-Trunk","00:50:56:b5:c2:d5","assigned","True","True"
"vcf9esxi03","Network adapter 4","Vmxnet3","KHJ-PG-Trunk","00:50:56:b5:8c:f1","assigned","True","True"
"vcf9esxi03","Network adapter 5","Vmxnet3","KHJ-PG-Trunk","00:50:56:b5:74:f7","assigned","True","True"
"vcf9esxi04","Network adapter 1","Vmxnet3","KHJ-PG-Trunk","00:50:56:b5:73:f6","assigned","True","True"
"vcf9esxi04","Network adapter 2","Vmxnet3","KHJ-PG-Trunk","00:50:56:b5:df:f5","assigned","True","True"
"vcf9esxi04","Network adapter 3","Vmxnet3","KHJ-PG-Trunk","00:50:56:b5:93:e1","assigned","True","True"
"vcf9esxi04","Network adapter 4","Vmxnet3","KHJ-PG-Trunk","00:50:56:b5:78:18","assigned","True","True"
"vcf9esxi04","Network adapter 5","Vmxnet3","KHJ-PG-Trunk","00:50:56:b5:33:ff","assigned","True","True"
"vcf9esxi01","Network adapter 1","Vmxnet3","KHJ-PG-Trunk","00:50:56:b5:ef:9e","assigned","True","True"
"vcf9esxi01","Network adapter 2","Vmxnet3","KHJ-PG-Trunk","00:50:56:b5:b9:33","assigned","True","True"
"vcf9esxi01","Network adapter 3","Vmxnet3","KHJ-PG-Trunk","00:50:56:b5:a9:43","assigned","True","True"
"vcf9esxi01","Network adapter 4","Vmxnet3","KHJ-PG-Trunk","00:50:56:b5:ed:f7","assigned","True","True"
"vcf9esxi01","Network adapter 5","Vmxnet3","KHJ-PG-Trunk","00:50:56:b5:5d:55","assigned","True","True"
"kdw-depot","Network adapter 1","Vmxnet3","kdw-pg-trunk","00:50:56:b5:cc:ec","assigned","True","True"
"dns01","Network adapter 1","Vmxnet3","KHJ-PG-10.100.190.x","00:50:56:b5:7a:7e","assigned","True","True"
"wsn-bastion","Network adapter 1","Vmxnet3","WSN-PG-MGMT-10.100.197.x","00:50:56:b5:42:2b","assigned","True","True"
"wsn-vyos","Network adapter 1","E1000e","WSN-PG-MGMT-10.100.197.x","00:50:56:b5:6e:5d","assigned","False","True"
"wsn-vyos","Network adapter 2","E1000e","WSN-PG-TRUNK","00:50:56:b5:1d:89","assigned","False","True"
"yr-depot","Network adapter 1","Vmxnet3","DVPortgroup (dvportgroup-995)","00:50:56:b5:84:44","assigned","True","True"
"HMGDNSNTP","Network adapter 1","Vmxnet3","HMG-PG-10.100.232.x","00:50:56:b5:b9:61","assigned","True","True"
"harbor","Network adapter 1","Vmxnet3","KHJ-PG-10.100.190.x","00:50:56:b5:b2:41","assigned","True","True"
"khj_dns","Network adapter 1","Vmxnet3","KHJ-PG-10.100.190.x","00:50:56:b5:b1:ce","assigned","False","True"
"dns_tmp","Network adapter 1","Vmxnet3","KHJ-PG-10.100.190.x","00:50:56:b5:7f:fb","assigned","False","True"
"hkmg-dns-ntp-128.x","Network adapter 1","Vmxnet3","KSB-PG-10.100.128.x","00:50:56:b5:9b:b9","assigned","True","True"
"hkmg-nfs","Network adapter 1","Vmxnet3","KSB-PG-10.100.128.x","00:50:56:b5:aa:d6","assigned","True","True"
"hkmg-dns-127.X","Network adapter 1","Vmxnet3","KSB-PG-10.100.127.x","00:50:56:b5:46:96","assigned","True","True"
"hkmg-vcf-test-vsan-esx01-127.X","Network adapter 1","Vmxnet3","KSB-PG-10.100.127.x","00:50:56:b5:ab:6c","assigned","True","True"
"hkmg-vcf-test-vsan-esx01-127.X","Network adapter 2","Vmxnet3","KSB-PG-10.100.127.x","00:50:56:b5:8d:64","assigned","True","True"
"hkmg-vcf-test-vsan-esx01-127.X","Network adapter 3","Vmxnet3","KSB-PG-10.100.127.x","00:50:56:b5:c9:11","assigned","True","True"
"hkmg-vcf-test-vsan-esx01-127.X","Network adapter 4","Vmxnet3","KSB-PG-10.100.127.x","00:50:56:b5:e0:15","assigned","True","True"
"hkmg-vcf-test-vsan-esx02-127.X","Network adapter 1","Vmxnet3","KSB-PG-10.100.127.x","00:50:56:b5:73:15","assigned","True","True"
"hkmg-vcf-test-vsan-esx02-127.X","Network adapter 2","Vmxnet3","KSB-PG-10.100.127.x","00:50:56:b5:ef:d3","assigned","True","True"
"hkmg-vcf-test-vsan-esx02-127.X","Network adapter 3","Vmxnet3","KSB-PG-10.100.127.x","00:50:56:b5:cb:f7","assigned","True","True"
"hkmg-vcf-test-vsan-esx02-127.X","Network adapter 4","Vmxnet3","KSB-PG-10.100.127.x","00:50:56:b5:dc:bd","assigned","True","True"
"hkmg-vcf-test-vsan-esx03-127.X","Network adapter 1","Vmxnet3","KSB-PG-10.100.127.x","00:50:56:b5:7f:b6","assigned","True","True"
"hkmg-vcf-test-vsan-esx03-127.X","Network adapter 2","Vmxnet3","KSB-PG-10.100.127.x","00:50:56:b5:56:83","assigned","True","True"
"hkmg-vcf-test-vsan-esx03-127.X","Network adapter 3","Vmxnet3","KSB-PG-10.100.127.x","00:50:56:b5:98:31","assigned","True","True"
"hkmg-vcf-test-vsan-esx03-127.X","Network adapter 4","Vmxnet3","KSB-PG-10.100.127.x","00:50:56:b5:58:2f","assigned","True","True"
"hkmg-vcf-test-vsan-esx04-127.X","Network adapter 1","Vmxnet3","KSB-PG-10.100.127.x","00:50:56:b5:f3:cf","assigned","True","True"
"hkmg-vcf-test-vsan-esx04-127.X","Network adapter 2","Vmxnet3","KSB-PG-10.100.127.x","00:50:56:b5:38:ba","assigned","True","True"
"hkmg-vcf-test-vsan-esx04-127.X","Network adapter 3","Vmxnet3","KSB-PG-10.100.127.x","00:50:56:b5:6f:52","assigned","True","True"
"hkmg-vcf-test-vsan-esx04-127.X","Network adapter 4","Vmxnet3","KSB-PG-10.100.127.x","00:50:56:b5:ed:7a","assigned","True","True"
"nc-esxi01","Network adapter 1","Vmxnet3","kdw-pg-trunk","00:50:56:0a:50:11","manual","True","True"
"nc-esxi01","Network adapter 2","Vmxnet3","kdw-pg-trunk","00:50:56:b5:40:d6","assigned","True","True"
"nc-esxi01","Network adapter 3","Vmxnet3","kdw-pg-trunk","00:50:56:b5:3d:37","assigned","True","True"
"nc-esxi01","Network adapter 4","Vmxnet3","kdw-pg-trunk","00:50:56:b5:ac:fa","assigned","True","True"
"nc-esxi01","Network adapter 5","Vmxnet3","kdw-pg-trunk","00:50:56:b5:11:5b","assigned","True","True"
"nc-esxi02","Network adapter 1","Vmxnet3","kdw-pg-trunk","00:50:56:0a:50:12","manual","True","True"
"nc-esxi02","Network adapter 2","Vmxnet3","kdw-pg-trunk","00:50:56:b5:5b:5d","assigned","True","True"
"nc-esxi02","Network adapter 3","Vmxnet3","kdw-pg-trunk","00:50:56:b5:e0:65","assigned","True","True"
"nc-esxi02","Network adapter 4","Vmxnet3","kdw-pg-trunk","00:50:56:b5:0e:0a","assigned","True","True"
"nc-esxi02","Network adapter 5","Vmxnet3","kdw-pg-trunk","00:50:56:b5:00:54","assigned","True","True"
"nc-esxi03","Network adapter 1","Vmxnet3","kdw-pg-trunk","00:50:56:0a:50:13","manual","True","True"
"nc-esxi03","Network adapter 2","Vmxnet3","kdw-pg-trunk","00:50:56:b5:40:a3","assigned","True","True"
"nc-esxi03","Network adapter 3","Vmxnet3","kdw-pg-trunk","00:50:56:b5:68:90","assigned","True","True"
"nc-esxi03","Network adapter 4","Vmxnet3","kdw-pg-trunk","00:50:56:b5:c9:b8","assigned","True","True"
"nc-esxi03","Network adapter 5","Vmxnet3","kdw-pg-trunk","00:50:56:b5:dd:97","assigned","True","True"
"nc-esxi04","Network adapter 1","Vmxnet3","kdw-pg-trunk","00:50:56:0a:50:14","manual","True","True"
"nc-esxi04","Network adapter 2","Vmxnet3","kdw-pg-trunk","00:50:56:b5:8a:95","assigned","True","True"
"nc-esxi04","Network adapter 3","Vmxnet3","kdw-pg-trunk","00:50:56:b5:3a:2b","assigned","True","True"
"nc-esxi04","Network adapter 4","Vmxnet3","kdw-pg-trunk","00:50:56:b5:06:76","assigned","True","True"
"nc-esxi04","Network adapter 5","Vmxnet3","kdw-pg-trunk","00:50:56:b5:f9:e8","assigned","True","True"
"depot","Network adapter 1","Vmxnet3","KHJ-PG-10.100.190.x","00:50:56:b5:79:27","assigned","True","True"
"hkmg-vcf-depot","Network adapter 1","Vmxnet3","KSB-PG-10.100.128.x","00:50:56:b5:bc:bf","assigned","True","True"
"hkmg-iscsi","Network adapter 1","Vmxnet3","KSB-PG-10.100.129.x","00:50:56:b5:86:3a","assigned","True","True"
"vSAN File Service Node (1)","Network adapter 1","Vmxnet3","kbbank-nfs","00:50:56:b5:3d:1d","assigned","True","True"
"vSAN File Service Node (2)","Network adapter 1","Vmxnet3","kbbank-nfs","00:50:56:b5:71:33","assigned","True","True"
"vSAN File Service Node (3)","Network adapter 1","Vmxnet3","kbbank-nfs","00:50:56:b5:f5:3c","assigned","True","True"
"vSAN File Service Node (4)","Network adapter 1","Vmxnet3","kbbank-nfs","00:50:56:b5:ef:f2","assigned","True","True"
"hkmg-vvf-test-nfs-esx01-128.X","Network adapter 1","Vmxnet3","KSB-PG-10.100.128.x","00:50:56:b5:ff:d4","assigned","True","True"
"hkmg-vvf-test-nfs-esx01-128.X","Network adapter 2","Vmxnet3","KSB-PG-10.100.128.x","00:50:56:b5:d6:fe","assigned","True","True"
"hkmg-vvf-test-nfs-esx02-128.X","Network adapter 1","Vmxnet3","KSB-PG-10.100.128.x","00:50:56:b5:69:28","assigned","True","True"
"hkmg-vvf-test-nfs-esx02-128.X","Network adapter 2","Vmxnet3","KSB-PG-10.100.128.x","00:50:56:b5:85:e1","assigned","True","True"
"yr-dns","Network adapter 1","Vmxnet3","DVPortgroup (dvportgroup-995)","00:50:56:b5:4c:2c","assigned","True","True"
"yr-installer","Network adapter 1","Vmxnet3","DVPortgroup (dvportgroup-995)","00:50:56:9d:89:c1","assigned","False","True"
"SupervisorControlPlaneVM (1)","Network adapter 1","Vmxnet3","WSN-PG-MGMT-10.100.197.x","00:50:56:b5:2a:9a","assigned","True","True"
"SupervisorControlPlaneVM (1)","Network adapter 2","Vmxnet3","vm-default-96f6dc1f_oit44","04:50:56:00:28:00","manual","True","True"
"SupervisorControlPlaneVM (2)","Network adapter 1","Vmxnet3","WSN-PG-MGMT-10.100.197.x","00:50:56:b5:de:5f","assigned","True","True"
"SupervisorControlPlaneVM (2)","Network adapter 2","Vmxnet3","vm-default-96f6dc1f_oit44","04:50:56:00:dc:00","manual","True","True"
"SupervisorControlPlaneVM (3)","Network adapter 1","Vmxnet3","WSN-PG-MGMT-10.100.197.x","00:50:56:b5:b9:fe","assigned","True","True"
"SupervisorControlPlaneVM (3)","Network adapter 2","Vmxnet3","vm-default-96f6dc1f_oit44","04:50:56:00:28:01","manual","True","True"
"cci-ns-controller-manager-754d944c6-6bfbz","Network adapter 1","Vmxnet3","pod-default-ee04a6f5_mgn5v","04:50:56:00:68:00","manual","True","True"
"test-dns-129.xx","Network adapter 1","Vmxnet3","KSB-PG-10.100.129.x","00:50:56:b5:88:4c","assigned","True","True"
"wd-vks01-cgcrk-txwph","Network adapter 1","Vmxnet3","wd-vks01-gj8lb-b178b800_6c6e2","04:50:56:00:80:00","manual","True","True"
"wd-vks01-node-pool-1-jkbbf-tqgjf-p7phk","Network adapter 1","Vmxnet3","wd-vks01-gj8lb-b178b800_6c6e2","04:50:56:00:fc:00","manual","True","True"
"wd-vks01-node-pool-1-jkbbf-tqgjf-wv7bq","Network adapter 1","Vmxnet3","wd-vks01-gj8lb-b178b800_6c6e2","04:50:56:00:50:00","manual","True","True"
"yr-esxi01","Network adapter 1","Vmxnet3","DVPortgroup (dvportgroup-995)","00:50:56:b5:1c:a0","assigned","True","True"
"yr-esxi01","Network adapter 2","Vmxnet3","DVPortgroup (dvportgroup-1015)","00:50:56:b5:38:b9","assigned","True","True"
"yr-esxi02","Network adapter 1","Vmxnet3","DVPortgroup (dvportgroup-995)","00:50:56:b5:45:b8","assigned","True","True"
"yr-esxi03","Network adapter 1","Vmxnet3","DVPortgroup (dvportgroup-995)","00:50:56:b5:1e:82","assigned","True","True"
"yr-esxi03","Network adapter 2","Vmxnet3","DVPortgroup (dvportgroup-1015)","00:50:56:b5:5f:7a","assigned","True","True"
"SHJ-Centos","Network adapter 1","Vmxnet3","SHJ-PG-10.100.204.x","00:50:56:b5:5e:07","assigned","False","True"
"VCF-CP","Network adapter 1","Vmxnet3","MGMT-PG-172.20.10.x","00:50:56:b5:21:87","assigned","True","True"
"wd-edge03","Network adapter 1","Vmxnet3","wd-hcs-cl01-vds-01-pg-mgmt","00:50:56:b5:27:a9","assigned","True","True"
"wd-edge03","Network adapter 2","Vmxnet3","wd-edge03-fp-eth0","00:50:56:b5:e1:43","assigned","True","True"
"wd-edge03","Network adapter 3","Vmxnet3","wd-edge03-fp-eth1","00:50:56:b5:45:9d","assigned","True","True"
"wd-edge03","Network adapter 4","Vmxnet3","none","00:50:56:b5:62:0d","assigned","False","False"
"wd-edge03","Network adapter 5","Vmxnet3","none","00:50:56:b5:d8:1d","assigned","False","False"
"wd-edge04","Network adapter 1","Vmxnet3","wd-hcs-cl01-vds-01-pg-mgmt","00:50:56:b5:f0:bb","assigned","True","True"
"wd-edge04","Network adapter 2","Vmxnet3","wd-edge04-fp-eth0-faQ41f0CWM","00:50:56:b5:df:e5","assigned","True","True"
"wd-edge04","Network adapter 3","Vmxnet3","wd-edge04-fp-eth1-Wyuuox9GzW","00:50:56:b5:1c:e6","assigned","True","True"
"wd-edge04","Network adapter 4","Vmxnet3","none","00:50:56:b5:01:09","assigned","False","False"
"wd-edge04","Network adapter 5","Vmxnet3","none","00:50:56:b5:ac:4a","assigned","False","False"
"wd-harbor","Network adapter 1","Vmxnet3","wd-hcs-cl01-vds-01-pg-mgmt","00:50:56:b5:5a:36","assigned","True","True"
"wd-edge01","Network adapter 1","Vmxnet3","wd-hcs-cl01-vds-01-pg-mgmt","00:50:56:b5:87:44","assigned","True","True"
"wd-edge01","Network adapter 2","Vmxnet3","wd-edge01-fp-eth0-Y7O5LKw3m0","00:50:56:b5:a0:27","assigned","True","True"
"wd-edge01","Network adapter 3","Vmxnet3","wd-edge01-fp-eth1-tNjbI8jEeQ","00:50:56:b5:44:3e","assigned","True","True"
"wd-edge01","Network adapter 4","Vmxnet3","none","00:50:56:b5:6d:f7","assigned","False","False"
"wd-edge01","Network adapter 5","Vmxnet3","none","00:50:56:b5:c8:54","assigned","False","False"
"wd-edge02","Network adapter 1","Vmxnet3","wd-hcs-cl01-vds-01-pg-mgmt","00:50:56:b5:bf:1c","assigned","True","True"
"wd-edge02","Network adapter 2","Vmxnet3","wd-edge02-fp-eth0-290Qldc4ZD","00:50:56:b5:05:8c","assigned","True","True"
"wd-edge02","Network adapter 3","Vmxnet3","wd-edge02-fp-eth1-155vPvobKa","00:50:56:b5:3f:d6","assigned","True","True"
"wd-edge02","Network adapter 4","Vmxnet3","none","00:50:56:b5:bf:7b","assigned","False","False"
"wd-edge02","Network adapter 5","Vmxnet3","none","00:50:56:b5:22:4f","assigned","False","False"
"broadcom-jumphost","Network adapter 1","Vmxnet3","wd-hcs-cl01-vds-01-pg-mgmt","00:50:56:b5:22:95","assigned","True","True"
"kdw-wd-jumphost","Network adapter 1","Vmxnet3","wd-hcs-cl01-vds-01-pg-mgmt","00:50:56:b5:c0:0a","assigned","True","True"
"kdw-wd-jumphost","Network adapter 2","Vmxnet3","kdw-pg-trunk","00:50:56:b5:e4:2c","assigned","True","True"
"kdw-wd-jumphost","Network adapter 3","Vmxnet3","test-seg","00:50:56:b5:1b:ff","assigned","True","True"
